Data Source,World Development Indicators,,,,,,,,,,,,,,,,,,,,,,,,,,,,,,,,,,,,,,,,,,,,,,,,,,,,,,,,,,,,,,,
,,,,,,,,,,,,,,,,,,,,,,,,,,,,,,,,,,,,,,,,,,,,,,,,,,,,,,,,,,,,,,,,
Last Updated Date,12/16/2020,,,,,,,,,,,,,,,,,,,,,,,,,,,,,,,,,,,,,,,,,,,,,,,,,,,,,,,,,,,,,,,
,,,,,,,,,,,,,,,,,,,,,,,,,,,,,,,,,,,,,,,,,,,,,,,,,,,,,,,,,,,,,,,,
Country Name,Country Code,Indicator Name,Indicator Code,1960,1961,1962,1963,1964,1965,1966,1967,1968,1969,1970,1971,1972,1973,1974,1975,1976,1977,1978,1979,1980,1981,1982,1983,1984,1985,1986,1987,1988,1989,1990,1991,1992,1993,1994,1995,1996,1997,1998,1999,2000,2001,2002,2003,2004,2005,2006,2007,2008,2009,2010,2011,2012,2013,2014,2015,2016,2017,2018,2019,2020
Aruba,ABW,"Literacy rate, adult male (% of males ages 15 and above)",SE.ADT.LITR.MA.ZS,,,,,,,,,,,,,,,,,,,,,,,,,,,,,,,,,,,,,,,,,97.53739929,,,,,,,,,,96.94052887,,,,,,,,97.80013275,,
Afghanistan,AFG,"Literacy rate, adult male (% of males ages 15 and above)",SE.ADT.LITR.MA.ZS,,,,,,,,,,,,,,,,,,,,30.3077507,,,,,,,,,,,,,,,,,,,,,,,,,,,,,,,,45.417099,,,,,,,55.47544861,,
Angola,AGO,"Literacy rate, adult male (% of males ages 15 and above)",SE.ADT.LITR.MA.ZS,,,,,,,,,,,,,,,,,,,,,,,,,,,,,,,,,,,,,,,,,,82.91986847,,,,,,,,,,,,,79.97415161,,,,,,
Albania,ALB,"Literacy rate, adult male (% of males ages 15 and above)",SE.ADT.LITR.MA.ZS,,,,,,,,,,,,,,,,,,,,,,,,,,,,,,,,,,,,,,,,,,99.18760681,,,,,,,97.30619812,,,98.00816345,98.35260773,,,,,,98.51361847,,
Andorra,AND,"Literacy rate, adult male (% of males ages 15 and above)",SE.ADT.LITR.MA.ZS,,,,,,,,,,,,,,,,,,,,,,,,,,,,,,,,,,,,,,,,,,,,,,,,,,,,,,,,,,,,,
Arab World,ARB,"Literacy rate, adult male (% of males ages 15 and above)",SE.ADT.LITR.MA.ZS,,,,,,,,,,,,,,,,,,59.12942886,59.35971069,59.62911987,60.02993011,60.4744606,61.00201035,60.96327972,61.69898987,62.49826813,63.2868309,63.79800034,64.68769836,65.44161224,66.26206207,67.25408936,67.93772888,69.06321716,69.58361053,70.45635986,71.45632172,72.15028381,73.11081696,73.86504364,74.31934357,75.50508881,76.34220886,79.28656769,79.82849121,78.92234802,76.96444702,77.55345154,78.09181976,76.95942688,77.51074982,78.91648102,82.10151672,82.0006485,83.10075378,80.81002808,81.74517059,82.21642303,79.59879303,79.76159668,
United Arab Emirates,ARE,"Literacy rate, adult male (% of males ages 15 and above)",SE.ADT.LITR.MA.ZS,,,,,,,,,,,,,,,,58.3861084,,,,,,,,,,72.27427673,,,,,,,,,,,,,,,,,,,,89.48210144,,,,,,,,,,92.55615997,,,,,
Argentina,ARG,"Literacy rate, adult male (% of males ages 15 and above)",SE.ADT.LITR.MA.ZS,,,,,,,,,,,,,,,,,,,,,94.26338959,,,,,,,,,,,96.17405701,,,,,,,,,,97.19319916,,,,,98.72718811,,,98.96272278,98.98532104,99.22830963,99.11112976,99.15602875,99.06124878,99.14824677,99.1049881,,98.93773651,,
Armenia,ARM,"Literacy rate, adult male (% of males ages 15 and above)",SE.ADT.LITR.MA.ZS,,,,,,,,,,,,,,,,,,,,,,,,,,,,,,99.40384674,,,,,,,,,,,,99.67223358,,,,,,,,,,99.80608368,,,,,,99.80549622,,,
American Samoa,ASM,"Literacy rate, adult male (% of males ages 15 and above)",SE.ADT.LITR.MA.ZS,,,,,,,,,,,,,,,,,,,,,97.46996307,,,,,,,,,,,,,,,,,,,,,,,,,,,,,,,,,,,,,,,,
Antigua and Barbuda,ATG,"Literacy rate, adult male (% of males ages 15 and above)",SE.ADT.LITR.MA.ZS,,,,,,,,,,,,,,,,,,,,,,,,,,,,,,,,,,,,,,,,,,98.40000153,,,,,,,,,,98.40000153,,,,98.40000153,,,,,
Australia,AUS,"Literacy rate, adult male (% of males ages 15 and above)",SE.ADT.LITR.MA.ZS,,,,,,,,,,,,,,,,,,,,,,,,,,,,,,,,,,,,,,,,,,,,,,,,,,,,,,,,,,,,,
Austria,AUT,"Literacy rate, adult male (% of males ages 15 and above)",SE.ADT.LITR.MA.ZS,,,,,,,,,,,,,,,,,,,,,,,,,,,,,,,,,,,,,,,,,,,,,,,,,,,,,,,,,,,,,
Azerbaijan,AZE,"Literacy rate, adult male (% of males ages 15 and above)",SE.ADT.LITR.MA.ZS,,,,,,,,,,,,,,,,,,,,,,,,,,,,,,,,,,,,,,,,99.47241974,,,,,,,,99.82096863,,99.84266663,99.85443878,99.85665894,99.85285187,99.86592102,99.86200714,99.86263275,99.86405182,99.86374664,,,
Burundi,BDI,"Literacy rate, adult male (% of males ages 15 and above)",SE.ADT.LITR.MA.ZS,,,,,,,,,,,,,,,,,,,,34.26271057,,,,,,,,,,,48.23625183,,,,,,,,,,67.30693054,,,,,,,,53.12839127,,,,,,69.58728027,,,76.29605103,,,
Belgium,BEL,"Literacy rate, adult male (% of males ages 15 and above)",SE.ADT.LITR.MA.ZS,,,,,,,,,,,,,,,,,,,,,,,,,,,,,,,,,,,,,,,,,,,,,,,,,,,,,,,,,,,,,
Benin,BEN,"Literacy rate, adult male (% of males ages 15 and above)",SE.ADT.LITR.MA.ZS,,,,,,,,,,,,,,,,,,,,25.19005966,,,,,,,,,,,,,39.90332031,,,,,,,,,,47.86595917,,,,40.61616898,,,,,,44.96025848,,,,,,53.97703171,,
Burkina Faso,BFA,"Literacy rate, adult male (% of males ages 15 and above)",SE.ADT.LITR.MA.ZS,,,,,,,,,,,,,,,,14.52849007,,,,,,,,,,,,,,,,19.62612915,,,,,18.51778984,,,,,,,29.36199951,,31.37454987,29.71435928,36.57479858,,,,,,,44.37945175,,,,50.07458878,,
Bangladesh,BGD,"Literacy rate, adult male (% of males ages 15 and above)",SE.ADT.LITR.MA.ZS,,,,,,,,,,,,,,,,,,,,,,39.7322998,,,,,,,,,,44.31428146,,,,,,,,,,53.89609146,,,,,,49.8323288,,,,62.48305893,61.54286957,64.21376801,64.36508942,68.05535889,75.61885071,75.70236206,76.66925812,77.44149017,
Bulgaria,BGR,"Literacy rate, adult male (% of males ages 15 and above)",SE.ADT.LITR.MA.ZS,,,,,,,,,,,,,,,,,,,,,,,,,,,,,,,,,,,,,,,,,,98.73660278,,,,,,,,,,98.74723053,,,,,,,,,
Bahrain,BHR,"Literacy rate, adult male (% of males ages 15 and above)",SE.ADT.LITR.MA.ZS,,,,,,,,,,,,,,,,,,,,,,76.51837158,,,,,,,,,,88.53736877,,,,,,,,,,88.55410767,,,,,,,,,92.14543915,,,,,,98.55191803,98.76732635,98.76316833,,
"Bahamas, The",BHS,"Literacy rate, adult male (% of males ages 15 and above)",SE.ADT.LITR.MA.ZS,,,,,,,,,,,,,,,,,,,,,,,,,,,,,,,,,,,,,,,,,,,,,,,,,,,,,,,,,,,,,
Bosnia and Herzegovina,BIH,"Literacy rate, adult male (% of males ages 15 and above)",SE.ADT.LITR.MA.ZS,,,,,,,,,,,,,,,,,,,,,,,,,,,,,,,,96.30541992,,,,,,,,,99.03370667,,,,,,,,,,,99.54132843,,99.17627716,,,,,,,
Belarus,BLR,"Literacy rate, adult male (% of males ages 15 and above)",SE.ADT.LITR.MA.ZS,,,,,,,,,,,,,,,,,,,,,,,,,,,,,,99.38417816,,,,,,,,,,99.79210663,,,,,,,,,,99.76368713,,,,,,,,,99.79398346,,
Belize,BLZ,"Literacy rate, adult male (% of males ages 15 and above)",SE.ADT.LITR.MA.ZS,,,,,,,,,,,,,,,,,,,,,,,,,,,,,,,,70.26876831,,,,,,,,,76.68373108,,,,,,,,,,,,,,,,,,,,
Bermuda,BMU,"Literacy rate, adult male (% of males ages 15 and above)",SE.ADT.LITR.MA.ZS,,,,,,,,,,,,,,,,,,,,,,,,,,,,,,,,,,,,,,,,,,,,,,,,,,,,,,,,,,,,,
Bolivia,BOL,"Literacy rate, adult male (% of males ages 15 and above)",SE.ADT.LITR.MA.ZS,,,,,,,,,,,,,,,,,75.84288788,,,,,,,,,,,,,,,,88.15558624,,,,,,,,,93.05747223,,,,,,96.03626251,94.95542908,95.80364227,,96.60105133,97.10704803,,,96.52275085,,,,,
Brazil,BRA,"Literacy rate, adult male (% of males ages 15 and above)",SE.ADT.LITR.MA.ZS,,,,,,,,,,,,,,,,,,,,,76.37735748,,,,,,,,,,,,,,,,,,,,86.22798157,,,,88.40946198,,89.35324097,89.7721405,89.83786774,90.17484283,90.05618286,91.16898346,91.02567291,91.17796326,91.36676788,91.72515869,92.57515717,92.8915329,93.00904083,,
Barbados,BRB,"Literacy rate, adult male (% of males ages 15 and above)",SE.ADT.LITR.MA.ZS,,,,,,,,,,,99.28723145,,,,,,,,,,,,,,99.59999847,,,,,,,,,,99.59999847,,,,,,,,,,99.59999847,,,,,,,,,,99.59999847,,,,,,
Brunei Darussalam,BRN,"Literacy rate, adult male (% of males ages 15 and above)",SE.ADT.LITR.MA.ZS,,,,,,,,,,,,,,,,,,,,,,85.1368103,,,,,,,,,,92.45218658,,,,,,,,,,95.15042114,,,,,,,,,,97.42816162,,,,,,,98.05361938,,
Bhutan,BTN,"Literacy rate, adult male (% of males ages 15 and above)",SE.ADT.LITR.MA.ZS,,,,,,,,,,,,,,,,,,,,,,,,,,,,,,,,,,,,,,,,,,,,,,65.0477829,,,,,,,66.00305939,,,,,75.01985168,,,
Botswana,BWA,"Literacy rate, adult male (% of males ages 15 and above)",SE.ADT.LITR.MA.ZS,,,,,,,,,,,,,,,,,,,,,,,,,,,,,,,,65.38694,,,,,,,,,,,,80.43010712,,,,,,,,,,86.12213898,,,,,,,
Central African Republic,CAF,"Literacy rate, adult male (% of males ages 15 and above)",SE.ADT.LITR.MA.ZS,,,,,,,,,,,,,,,,29.5929203,,,,,,,,,,,,,48.02030182,,,,,,,,,,,,66.78952789,,,,,,,,,,50.71271133,,,,,,,,49.51459122,,
Canada,CAN,"Literacy rate, adult male (% of males ages 15 and above)",SE.ADT.LITR.MA.ZS,,,,,,,,,,,,,,,,,,,,,,,,,,,,,,,,,,,,,,,,,,,,,,,,,,,,,,,,,,,,,
Central Europe and the Baltics,CEB,"Literacy rate, adult male (% of males ages 15 and above)",SE.ADT.LITR.MA.ZS,,,,,,,,,,,,,,,,,,,,,,,99.01138306,99.02227783,99.04039001,99.05461121,99.06437683,99.07891083,98.99633026,99.0193634,99.04293823,99.05593109,99.07705688,99.09288025,99.10946655,99.12619781,99.13896942,99.14917755,99.17835236,99.10056305,99.12187958,99.12758636,99.13191986,99.13083649,99.13134003,99.13349152,99.12782288,99.1289978,99.14792633,99.28217316,99.28884125,99.29447937,99.29646301,99.29695129,99.29988861,99.30310059,99.30751801,,,,
Switzerland,CHE,"Literacy rate, adult male (% of males ages 15 and above)",SE.ADT.LITR.MA.ZS,,,,,,,,,,,,,,,,,,,,,,,,,,,,,,,,,,,,,,,,,,,,,,,,,,,,,,,,,,,,,
Channel Islands,CHI,"Literacy rate, adult male (% of males ages 15 and above)",SE.ADT.LITR.MA.ZS,,,,,,,,,,,,,,,,,,,,,,,,,,,,,,,,,,,,,,,,,,,,,,,,,,,,,,,,,,,,,
Chile,CHL,"Literacy rate, adult male (% of males ages 15 and above)",SE.ADT.LITR.MA.ZS,,,,,,,,,,,,,,,,,,,,,,,91.48053741,,,,,,,,,,94.5630722,,,,,,,,,,95.79640961,,,,,,97.70249939,97.88935852,96.99424744,96.89878082,,96.38800812,,97.02468872,,96.48062897,,,
China,CHN,"Literacy rate, adult male (% of males ages 15 and above)",SE.ADT.LITR.MA.ZS,,,,,,,,,,,,,,,,,,,,,,,79.19178009,,,,,,,,87.02497864,,,,,,,,,,95.13524628,,,,,,,,,,97.47946167,,,,,,,,98.46653748,,
Cote d'Ivoire,CIV,"Literacy rate, adult male (% of males ages 15 and above)",SE.ADT.LITR.MA.ZS,,,,,,,,,,,,,,,,,,,,,,,,,,,,,44.36354065,,,,,,,,,,43.94641876,,60.86066055,,,,,,,,,,,,51.59267044,,50.70190048,,,,53.65694046,,
Cameroon,CMR,"Literacy rate, adult male (% of males ages 15 and above)",SE.ADT.LITR.MA.ZS,,,,,,,,,,,,,,,,,54.62984848,,,,,,,,,,,,,,,,,,,,,,,,79.19451904,,,,,,,78.9499588,,,78.32769012,,,,,,,,82.6280365,,
"Congo, Dem. Rep.",COD,"Literacy rate, adult male (% of males ages 15 and above)",SE.ADT.LITR.MA.ZS,,,,,,,,,,,,,,,,,,,,,,,,,,,,,,,,,,,,,,,,,,80.92324066,,,,,,76.91568756,,,,,87.90838623,,,,88.52468872,,,,
"Congo, Rep.",COG,"Literacy rate, adult male (% of males ages 15 and above)",SE.ADT.LITR.MA.ZS,,,,,,,,,,,,,,,,,,,,,,,,,71.32911682,,,,,,,,,,,,,,,,,,,,,86.04982758,,,,,,86.43431091,,,,,,,86.07650757,,
Colombia,COL,"Literacy rate, adult male (% of males ages 15 and above)",SE.ADT.LITR.MA.ZS,,,,,,,,,,,,,,,,,,,,,,,,,,,,,,,,,,90.97265625,,,91.0891037,,,,,,,,92.9041214,92.77794647,92.39279938,92.42970276,93.31687927,93.06253815,93.25019073,93.48825836,,,93.86740112,94.06317139,94.40228271,,94.85182953,,
Comoros,COM,"Literacy rate, adult male (% of males ages 15 and above)",SE.ADT.LITR.MA.ZS,,,,,,,,,,,,,,,,,,,,,55.97703934,,,,,,,,,,,,,,,,,,,,74.51403809,,,,,,,,,,,,56.47980118,,,,,,64.64420319,,
Cabo Verde,CPV,"Literacy rate, adult male (% of males ages 15 and above)",SE.ADT.LITR.MA.ZS,,,,,,,,,,,,,,,,,,,,,,,,,,,,,,,74.75926971,,,,,,,,,,83.83760834,,,,,,,,,,,,90.47450256,,,91.69143677,,,,,
Costa Rica,CRI,"Literacy rate, adult male (% of males ages 15 and above)",SE.ADT.LITR.MA.ZS,,,,,,,,,,,,,,,,,,,,,,,,,92.68213654,,,,,,,,,,,,,,,,94.650177,,,,,,,,,,,97.30632782,,,,,,,97.80235291,,
Caribbean small states,CSS,"Literacy rate, adult male (% of males ages 15 and above)",SE.ADT.LITR.MA.ZS,,,,,,,,,,,,,,,,,,,,,,,,,,,,,,,,,,83.94802094,83.9833374,84.24803925,84.5002594,84.7536087,85.13375092,84.82375336,85.64267731,85.96562958,86.26772308,86.55734253,86.84911346,87.19525909,87.41068268,87.93134308,88.21115875,88.42651367,88.72216034,88.97094727,89.13939667,89.50949097,89.73384857,89.8106308,,,,,
Cuba,CUB,"Literacy rate, adult male (% of males ages 15 and above)",SE.ADT.LITR.MA.ZS,,,,,,,,,,,,,,,,,,,,,,,,,,,,,,,,,,,,,,,,,,,99.80731201,,,,,,,,,,99.70606232,,,,,,,,
Curacao,CUW,"Literacy rate, adult male (% of males ages 15 and above)",SE.ADT.LITR.MA.ZS,,,,,,,,,,,,,,,,,,,,,,,,,,,,,,,,,,,,,,,,,,,,,,,,,,,,,,,,,,,,,
Cayman Islands,CYM,"Literacy rate, adult male (% of males ages 15 and above)",SE.ADT.LITR.MA.ZS,,,,,,,,,,,,,,,,,,,,,,,,,,,,,,,,,,,,,,,,,,,,,,,,98.72238922,,,,,,,,,,,,,
Cyprus,CYP,"Literacy rate, adult male (% of males ages 15 and above)",SE.ADT.LITR.MA.ZS,,,,,,,,,,,,,,,,,,,,,,,,,,,,,,,,,97.83058929,,,,,,,,,98.63104248,,,,,,,,,,99.28614807,,,,,,,,,
Czech Republic,CZE,"Literacy rate, adult male (% of males ages 15 and above)",SE.ADT.LITR.MA.ZS,,,,,,,,,,,,,,,,,,,,,,,,,,,,,,,,,,,,,,,,,,,,,,,,,,,,,,,,,99.7958374,,,,
Germany,DEU,"Literacy rate, adult male (% of males ages 15 and above)",SE.ADT.LITR.MA.ZS,,,,,,,,,,,,,,,,,,,,,,,,,,,,,,,,,,,,,,,,,,,,,,,,,,,,,,,,,,,,,
Djibouti,DJI,"Literacy rate, adult male (% of males ages 15 and above)",SE.ADT.LITR.MA.ZS,,,,,,,,,,,,,,,,,,,,,,,,,,,,,,,,,,,,,,,,,,,,,,,,,,,,,,,,,,,,,
Dominica,DMA,"Literacy rate, adult male (% of males ages 15 and above)",SE.ADT.LITR.MA.ZS,,,,,,,,,,,,,,,,,,,,,,,,,,,,,,,,,,,,,,,,,,,,,,,,,,,,,,,,,,,,,
Denmark,DNK,"Literacy rate, adult male (% of males ages 15 and above)",SE.ADT.LITR.MA.ZS,,,,,,,,,,,,,,,,,,,,,,,,,,,,,,,,,,,,,,,,,,,,,,,,,,,,,,,,,,,,,
Dominican Republic,DOM,"Literacy rate, adult male (% of males ages 15 and above)",SE.ADT.LITR.MA.ZS,,,,,,,,,,,,,,,,,,,,,,73.59024811,,,,,,,,,,,,,,,,,,,,,86.8110199,,,,,88.21015167,,,89.37703705,89.98500824,90.08482361,90.45812988,91.37159729,91.65071106,93.79360199,,,,
Algeria,DZA,"Literacy rate, adult male (% of males ages 15 and above)",SE.ADT.LITR.MA.ZS,,,,,,,,,,,,,,,,,,,,,,,,,,,,63.37742996,,,,,,,,,,,,,,,79.18669128,,,,81.28404236,,82.6158371,,,,,,,,,,87.42295837,,
East Asia & Pacific (excluding high income),EAP,"Literacy rate, adult male (% of males ages 15 and above)",SE.ADT.LITR.MA.ZS,,,,,,,,,,,,,,,,,77.07431793,77.18755341,78.00039673,78.79296875,79.14315033,80.36470795,80.97707367,81.85325623,82.57353973,83.25525665,83.90541077,84.89183807,87.78742218,88.21101379,87.858078,88.97097015,89.3197937,89.60521698,89.99021149,90.36878967,90.70165253,93.93875885,94.15055084,94.34194946,94.56716156,94.81281281,95.02967072,95.21478271,95.43454742,95.66898346,95.92790985,96.54077911,96.6733017,96.82634735,96.84487915,96.64958191,96.78943634,96.85598755,97.09049988,97.27631378,97.34194183,97.45079041,97.51786041,97.60212708,
Early-demographic dividend,EAR,"Literacy rate, adult male (% of males ages 15 and above)",SE.ADT.LITR.MA.ZS,,,,,,,,,,,,,,,,60.01277924,60.17462158,60.74615097,61.27077103,61.78738022,61.85839844,62.3534584,63.2220993,63.67369843,64.26023102,64.76030731,65.22180939,66.04501343,67.1306076,67.68241882,68.32788849,68.57227325,69.66970825,70.46376801,71.10016632,71.71109009,72.2621994,72.79051208,75.95449066,76.38497925,76.89026642,77.12158203,77.79831696,78.81938171,79.45902252,79.48217773,79.55316162,79.95620728,81.14232635,81.78244019,82.09655762,81.96115875,82.49481964,82.85497284,83.37991333,83.98352814,84.44522095,84.6783905,84.96295929,85.31536102,
East Asia & Pacific,EAS,"Literacy rate, adult male (% of males ages 15 and above)",SE.ADT.LITR.MA.ZS,,,,,,,,,,,,,,,,,78.2023468,78.33067322,79.0681076,79.78330994,80.0830307,81.20487213,81.75029755,82.53531647,83.18565369,83.80271149,84.3940506,85.33725739,87.95520782,88.34828949,88.04427338,89.05381012,89.38069153,89.64363861,90.01883698,90.38581085,90.7060318,93.61598206,93.81707764,94.03354645,94.24777985,94.46381378,94.69509125,94.90882111,95.1638031,95.41105652,95.67494965,96.23483276,96.38620758,96.54425049,96.49983978,96.27581024,96.42973328,96.50325775,96.81269836,97.00192261,97.07460022,97.18945313,97.2609787,97.34680176,
Europe & Central Asia (excluding high income),ECA,"Literacy rate, adult male (% of males ages 15 and above)",SE.ADT.LITR.MA.ZS,,,,,,,,,,,,,,,,,,,,,,,,97.16493225,97.60411835,97.70545959,97.72116852,97.7806778,97.82530212,97.87844086,97.9835434,97.98284149,98.03652191,98.08654785,98.1346817,98.18367767,98.2538681,98.29254913,98.38822174,98.43357086,98.67861938,98.72525787,98.76525879,98.79654694,98.8572464,99.00904083,98.98770142,99.02287292,99.02854156,99.12098694,99.28455353,99.40028381,99.4553299,99.47310638,99.49133301,99.50511169,99.55267334,99.54649353,99.56616974,99.58109283,
Europe & Central Asia,ECS,"Literacy rate, adult male (% of males ages 15 and above)",SE.ADT.LITR.MA.ZS,,,,,,,,,,,,,,,,,,,,,,,,,,,,,,,,,,,97.38619995,97.46138,97.54250336,97.60996246,97.63925171,97.69728851,97.78117371,97.84101105,97.99294281,98.04695892,98.10955048,98.10736847,98.23796082,98.20297241,98.33145142,98.32095337,98.40117645,98.5786438,98.63388824,98.67687988,98.70462036,98.73574829,98.78054047,98.79834747,98.83188629,98.86026001,
Ecuador,ECU,"Literacy rate, adult male (% of males ages 15 and above)",SE.ADT.LITR.MA.ZS,,,,,,,,,,,,,,,,,,,,,,,86.78697205,,,,,,,,90.49677277,,,,,,,,,,,92.32713318,,,,,,93.3891983,93.74945068,93.66378021,93.31687164,93.05252075,93.25424194,94.42572784,95.25717163,95.72621918,95.44502258,93.77906036,,,
"Egypt, Arab Rep.",EGY,"Literacy rate, adult male (% of males ages 15 and above)",SE.ADT.LITR.MA.ZS,,,,,,,,,,,,,,,,,53.6151886,,,,,,,,,,56.97615814,,,,,,,,,,67.15177917,,,,,,,,,77.91013336,74.62180328,,,,80.26864624,,81.67922211,81.69406128,,,,76.49521637,,,
Euro area,EMU,"Literacy rate, adult male (% of males ages 15 and above)",SE.ADT.LITR.MA.ZS,,,,,,,,,,,,,,,,,,,,,,,,,,,,,,,,,,,,,,,,,,,,,,,,,,,,,,,,,,,,,
Eritrea,ERI,"Literacy rate, adult male (% of males ages 15 and above)",SE.ADT.LITR.MA.ZS,,,,,,,,,,,,,,,,,,,,,,,,,,,,,,,,,,,,,,,,,,,65.39012146,,,,,,75.07241058,,,,,,,,,,84.37323761,,
Spain,ESP,"Literacy rate, adult male (% of males ages 15 and above)",SE.ADT.LITR.MA.ZS,,,,,,,,,,,,,,,,,,,,,,95.8975296,,,,,,,,,,98.03549194,,,,,,,,,,,,,98.14391327,98.61746979,98.56102753,98.633461,98.40229797,98.46193695,98.52571106,98.53618622,98.60652924,98.74874878,98.73126984,98.77088928,98.83596802,,98.92539215,,
Estonia,EST,"Literacy rate, adult male (% of males ages 15 and above)",SE.ADT.LITR.MA.ZS,,,,,,,,,,,,,,,,,,,,,,,,,,,,,,99.87597656,,,,,,,,,,,99.77594757,,,,,,,,,,,99.85897827,,,,,,,,,
Ethiopia,ETH,"Literacy rate, adult male (% of males ages 15 and above)",SE.ADT.LITR.MA.ZS,,,,,,,,,,,,,,,,,,,,,,,,,,,,,,,,,,,35.98252869,,,,,,,,,,50,41.9366188,,49.13465881,,,,,,,,,,59.24145889,,,
European Union,EUU,"Literacy rate, adult male (% of males ages 15 and above)",SE.ADT.LITR.MA.ZS,,,,,,,,,,,,,,,,,,,,,,,,,,,,,,,,,,,,,,,,,,,,,,,,,,,,,,,,,,,,,
Fragile and conflict affected situations,FCS,"Literacy rate, adult male (% of males ages 15 and above)",SE.ADT.LITR.MA.ZS,,,,,,,,,,,,,,,,,,,,,,,,64.21273041,64.62478638,65.04749298,65.3609314,66.04007721,66.67668915,67.12445831,67.61199188,67.8451004,68.50483704,68.88996887,69.61920929,70.34559631,70.79537964,71.49198151,72.27884674,72.70970154,70.61628723,71.26016235,71.65930939,71.24713135,72.56861115,72.57034302,72.43945313,69.40509033,69.15267944,68.7665329,68.77626801,68.57444763,70.49149323,70.81894684,71.63947296,70.1727829,72.17153168,72.67961121,71.01689148,71.18499756,
Finland,FIN,"Literacy rate, adult male (% of males ages 15 and above)",SE.ADT.LITR.MA.ZS,,,,,,,,,,,,,,,,,,,,,,,,,,,,,,,,,,,,,,,,,,,,,,,,,,,,,,,,,,,,,
Fiji,FJI,"Literacy rate, adult male (% of males ages 15 and above)",SE.ADT.LITR.MA.ZS,,,,,,,,,,,,,,,,,,,,,,,,,,,,,,,,,,,,,94.46704102,,,,,,,,,,,,,,,,,,,,,99.07843781,,,
France,FRA,"Literacy rate, adult male (% of males ages 15 and above)",SE.ADT.LITR.MA.ZS,,,,,,,,,,,,,,,,,,,,,,,,,,,,,,,,,,,,,,,,,,,,,,,,,,,,,,,,,,,,,
Faroe Islands,FRO,"Literacy rate, adult male (% of males ages 15 and above)",SE.ADT.LITR.MA.ZS,,,,,,,,,,,,,,,,,,,,,,,,,,,,,,,,,,,,,,,,,,,,,,,,,,,,,,,,,,,,,
"Micronesia, Fed. Sts.",FSM,"Literacy rate, adult male (% of males ages 15 and above)",SE.ADT.LITR.MA.ZS,,,,,,,,,,,,,,,,,,,,,,,,,,,,,,,,,,,,,,,,,,,,,,,,,,,,,,,,,,,,,
Gabon,GAB,"Literacy rate, adult male (% of males ages 15 and above)",SE.ADT.LITR.MA.ZS,,,,,,,,,,,,,,,,,,,,,,,,,,,,,,,,,,79.44418335,,,,,,,,,,,,,,,,,,,84.87329865,,,,,,85.85234833,,
United Kingdom,GBR,"Literacy rate, adult male (% of males ages 15 and above)",SE.ADT.LITR.MA.ZS,,,,,,,,,,,,,,,,,,,,,,,,,,,,,,,,,,,,,,,,,,,,,,,,,,,,,,,,,,,,,
Georgia,GEO,"Literacy rate, adult male (% of males ages 15 and above)",SE.ADT.LITR.MA.ZS,,,,,,,,,,,,,,,,,,,,,,,,,,,,,,,,,,,,,,,,,,,99.76898193,,,,,,,,,,,,99.66821289,,,99.43752289,,,
Ghana,GHA,"Literacy rate, adult male (% of males ages 15 and above)",SE.ADT.LITR.MA.ZS,,,,,,,,,,,,,,,,,,,,,,,,,,,,,,,,,,,,,,,,,66.35128021,,,,,,,,,,78.34890747,,,,,,,,83.52458191,,
Gibraltar,GIB,"Literacy rate, adult male (% of males ages 15 and above)",SE.ADT.LITR.MA.ZS,,,,,,,,,,,,,,,,,,,,,,,,,,,,,,,,,,,,,,,,,,,,,,,,,,,,,,,,,,,,,
Guinea,GIN,"Literacy rate, adult male (% of males ages 15 and above)",SE.ADT.LITR.MA.ZS,,,,,,,,,,,,,,,,,,,,,,,,,,,,,,,,,,,,,32.89533997,,,,,,,42.9031601,,,,,,,36.78979111,,,,43.64009094,,,,,,
"Gambia, The",GMB,"Literacy rate, adult male (% of males ages 15 and above)",SE.ADT.LITR.MA.ZS,,,,,,,,,,,,,,,,,,,,,,,,,,,,,,,,,,,,,,,,,48.98115158,,,,,,,,,,,,,51.41804123,,61.76725006,,,,,
Guinea-Bissau,GNB,"Literacy rate, adult male (% of males ages 15 and above)",SE.ADT.LITR.MA.ZS,,,,,,,,,,,,,,,,,,,,33.34894943,,,,,,,,,,,,,,,,,,,,,57.61375046,,,,,,,,,,,,,,62.15797043,,,,,,
Equatorial Guinea,GNQ,"Literacy rate, adult male (% of males ages 15 and above)",SE.ADT.LITR.MA.ZS,,,,,,,,,,,,,,,,,,,,,,,,,,,,,,,,,,,,,,,,,94.84261322,,,,,,,,,,97.18399811,,,,,,,,,,
Greece,GRC,"Literacy rate, adult male (% of males ages 15 and above)",SE.ADT.LITR.MA.ZS,,,,,,,,,,,,,,,,,,,,,,96.063797,,,,,,,,,,96.03746033,,,,,,,,,,97.81121826,,,,95.45005798,,96.15756989,,96.06622314,,98.2821579,,,,,,,98.50704956,,
Grenada,GRD,"Literacy rate, adult male (% of males ages 15 and above)",SE.ADT.LITR.MA.ZS,,,,,,,,,,,98.04715729,,,,,,,,,,,,,,98.58000183,,,,,,,,,,98.58000183,,,,,,,,,,98.58000183,,,,,,,,,,98.58000183,,,,,,
Greenland,GRL,"Literacy rate, adult male (% of males ages 15 and above)",SE.ADT.LITR.MA.ZS,,,,,,,,,,,,,,,,,,,,,,,,,,,,,,,,,,,,,,,,,,,,,,,,,,,,,,,,,,,,,
Guatemala,GTM,"Literacy rate, adult male (% of males ages 15 and above)",SE.ADT.LITR.MA.ZS,,,,,,,,,,,,,,,,,,,,,,,,,,,,,,,,,,,71.70639038,,,,,,,,75.41558075,,,,,,,,,,84.84873199,82.72068024,86.75615692,,,,,,
Guam,GUM,"Literacy rate, adult male (% of males ages 15 and above)",SE.ADT.LITR.MA.ZS,,,,,,,,,,,,,,,,,,,,,96.38265991,,,,,,,,,,99.41710663,,,,,,,,,,,,,,,,,,,,,,,,,,,,,,
Guyana,GUY,"Literacy rate, adult male (% of males ages 15 and above)",SE.ADT.LITR.MA.ZS,,,,,,,,,,,,,,,,,,,,,,,,,,,,,,,,,,,,,,,,,,,,,,,,,,82.43656158,,,,,86.31437683,,,,,,
High income,HIC,"Literacy rate, adult male (% of males ages 15 and above)",SE.ADT.LITR.MA.ZS,,,,,,,,,,,,,,,,,,,,,,,,,,,,,,,,,,,,,,,,,,,,,,,,,,,,,,,,,,,,,
"Hong Kong SAR, China",HKG,"Literacy rate, adult male (% of males ages 15 and above)",SE.ADT.LITR.MA.ZS,,,,,,,,,,,,,,,,,,,,,,,,,,,,,,,,,,,,,,,,,,,,,,,,,,,,,,,,,,,,,
Honduras,HND,"Literacy rate, adult male (% of males ages 15 and above)",SE.ADT.LITR.MA.ZS,,,,,,,,,,,,,,,,,,,,,,,,,,,,,,,,,,,,,,,,,,79.78523254,,,,,,83.74603271,,,84.78900909,85.34127808,85.69619751,85.66837311,87.39595032,87.92208099,89.04894257,,87.13764191,,
Heavily indebted poor countries (HIPC),HPC,"Literacy rate, adult male (% of males ages 15 and above)",SE.ADT.LITR.MA.ZS,,,,,,,,,,,,,,,,,,,,,,,,,,,54.14746094,54.73461151,54.9865799,55.58102036,56.0041008,56.15798187,56.47188187,56.80818939,57.34685135,57.11574173,57.41732025,58.05485153,58.76786041,59.50125122,60.10057068,60.69556046,62.01588821,62.60173035,64.26380157,63.07157898,61.44593811,62.6558609,62.82524872,63.02967072,63.45323944,65.08139038,66.0772171,66.85881805,67.51364899,67.79438019,68.27617645,68.86138916,69.16216278,69.58033752,
Croatia,HRV,"Literacy rate, adult male (% of males ages 15 and above)",SE.ADT.LITR.MA.ZS,,,,,,,,,,,,,,,,,,,,,,,,,,,,,,,,98.75705719,,,,,,,,,,99.32058716,,,,,,,,,,99.62970734,,,,,,,,,
Haiti,HTI,"Literacy rate, adult male (% of males ages 15 and above)",SE.ADT.LITR.MA.ZS,,,,,,,,,,,,,,,,,,,,,,,37.12974167,,,,,,,,,,,,,,,,,,,,,63.09001923,,,53.35504913,,,,,,,,,,65.27764893,,,,
Hungary,HUN,"Literacy rate, adult male (% of males ages 15 and above)",SE.ADT.LITR.MA.ZS,,,,,,,,,,,,,,,,,,,,,99.30319214,,,,,,,,,,,,,,,,,,,,,,,,,,,,,,,,,,99.16000366,,,,,,
IBRD only,IBD,"Literacy rate, adult male (% of males ages 15 and above)",SE.ADT.LITR.MA.ZS,,,,,,,,,,,,,,,,73.50169373,73.56929779,73.81787109,74.37983704,74.92189789,75.24266815,75.81526184,76.44644165,77.02153778,77.58601379,78.09934998,78.58480072,79.24452972,81.03318024,81.44869995,81.54142761,82.15509033,82.68958282,83.08348846,83.45822144,83.85134125,84.22009277,85.97599792,87.58370209,87.83123779,88.12164307,88.33100128,88.62242126,89.17063904,89.43421936,89.590271,89.53082275,90.29337311,90.52514648,90.74871826,90.85814667,91.08769226,91.51686096,91.63874817,91.9464798,91.97268677,92.24053955,92.34513855,92.28990173,92.50153351,
IDA & IBRD total,IBT,"Literacy rate, adult male (% of males ages 15 and above)",SE.ADT.LITR.MA.ZS,,,,,,,,,,,,,,,,70.22486877,70.30165863,70.55819702,71.07227325,71.56249237,71.876091,72.38500214,72.97396088,73.50177002,74.02442932,74.50202179,74.94815063,75.56513214,77.19651031,77.60582733,77.733078,78.23236084,78.86193085,79.33952332,79.73114014,80.08824158,80.45085144,81.97377777,83.48503876,83.76441956,83.89296722,84.12271881,84.51734161,85.08782196,85.49945831,85.49024963,85.52255249,85.65115356,86.16710663,86.40766907,86.51689148,86.62220764,87.10392761,87.27348328,87.58017731,87.7071991,88.13381958,88.27484131,88.24777222,88.44048309,
IDA total,IDA,"Literacy rate, adult male (% of males ages 15 and above)",SE.ADT.LITR.MA.ZS,,,,,,,,,,,,,,,,,,,,,,,,,,,,,,,,,,,,,,,,,,,,,,,,,,,,,,,,,,,,,
IDA blend,IDB,"Literacy rate, adult male (% of males ages 15 and above)",SE.ADT.LITR.MA.ZS,,,,,,,,,,,,,,,,,,,,,57.36936951,57.41875839,57.81380844,58.09363937,58.3416214,58.6095314,58.87807083,59.45006943,60.02528,60.50751877,61.06707001,61.34952164,64.22174835,66.77472687,67.46421051,68.13037109,68.8142395,69.44673157,70.19351959,70.65765381,68.25509644,69.0931778,69.60310364,70.9763031,72.17749023,71.43773651,74.94763184,69.53009796,70.69695282,71.81832886,72.07865906,71.57692719,73.34593964,73.09557343,73.50853729,74.00119781,74.5006485,75.15309906,75.36309052,75.62563324,
Indonesia,IDN,"Literacy rate, adult male (% of males ages 15 and above)",SE.ADT.LITR.MA.ZS,,,,,,,,,,,,,,,,,,,,,77.47499847,,,,,,,,,,88.02452087,,,,,,,,,,,,,,94.03507996,,95.15853882,,95.38318634,95.6470108,,95.59108734,,,96.791008,97.10652161,97.17443848,,97.33133698,,
IDA only,IDX,"Literacy rate, adult male (% of males ages 15 and above)",SE.ADT.LITR.MA.ZS,,,,,,,,,,,,,,,,,,,,,,52.65354919,53.02532959,53.35345078,53.75185013,54.13576889,54.43318176,54.83364868,55.90793991,56.413311,56.80973816,56.83126068,57.32638931,57.6690712,58.35168076,58.62314987,58.98040009,59.54420853,61.06756973,61.7741394,62.33440018,62.65771866,63.93624878,64.46116638,65.70400238,65.22229004,64.3336792,63.43917847,65.82572937,66.06524658,66.43882751,66.41905975,66.90962982,67.94384766,68.5511322,69.46173096,71.14782715,71.59649658,71.97380829,72.39394379,
Isle of Man,IMN,"Literacy rate, adult male (% of males ages 15 and above)",SE.ADT.LITR.MA.ZS,,,,,,,,,,,,,,,,,,,,,,,,,,,,,,,,,,,,,,,,,,,,,,,,,,,,,,,,,,,,,
India,IND,"Literacy rate, adult male (% of males ages 15 and above)",SE.ADT.LITR.MA.ZS,,,,,,,,,,,,,,,,,,,,,,54.84101868,,,,,,,,,,61.64191818,,,,,,,,,,73.4118576,,,,,75.19190216,,,,,78.87722778,,,,,,,82.36670685,,
Not classified,INX,"Literacy rate, adult male (% of males ages 15 and above)",SE.ADT.LITR.MA.ZS,,,,,,,,,,,,,,,,,,,,,,,,,,,,,,,,,,,,,,,,,,,,,,,,,,,,,,,,,,,,,
Ireland,IRL,"Literacy rate, adult male (% of males ages 15 and above)",SE.ADT.LITR.MA.ZS,,,,,,,,,,,,,,,,,,,,,,,,,,,,,,,,,,,,,,,,,,,,,,,,,,,,,,,,,,,,,
"Iran, Islamic Rep.",IRN,"Literacy rate, adult male (% of males ages 15 and above)",SE.ADT.LITR.MA.ZS,,,,,,,,,,,,,,,,,48.18333054,,,,,,,,,,63.09954834,,,,,74.27448273,,,,,79.87161255,,,,,,83.5,,,88.01032257,87.27218628,,88.17703247,,,,88.87982178,89.54248047,89.63542175,,90.35240936,,,,
Iraq,IRQ,"Literacy rate, adult male (% of males ages 15 and above)",SE.ADT.LITR.MA.ZS,,,,,,,,,,,,,,,,,,,,,,,,,,,,,,,,,,,,,,,,,84.08740997,,,,,,,,,,,,85.90000153,81.40000153,90,,90,91.19999695,,,
Iceland,ISL,"Literacy rate, adult male (% of males ages 15 and above)",SE.ADT.LITR.MA.ZS,,,,,,,,,,,,,,,,,,,,,,,,,,,,,,,,,,,,,,,,,,,,,,,,,,,,,,,,,,,,,
Israel,ISR,"Literacy rate, adult male (% of males ages 15 and above)",SE.ADT.LITR.MA.ZS,,,,,,,,,,,,,,,,,,,,,,,,94.96340179,,,,,,,,,,,,,,,,,,,,,,,,,,,,,,,,,,,,,
Italy,ITA,"Literacy rate, adult male (% of males ages 15 and above)",SE.ADT.LITR.MA.ZS,,,,,,,,,,,,,,,,,,,,,,97.46465302,,,,,,,,,,,,,,,,,,,,98.82369232,,,,,,,,,,99.14100647,,,,,,,99.35344696,,
Jamaica,JAM,"Literacy rate, adult male (% of males ages 15 and above)",SE.ADT.LITR.MA.ZS,,,,,,,,,,,,,,,,,,,,,,,,,,,,,,,,,,,,,,,,74.08184052,,,,,,,,,,,,,,,83.44000244,,,,,,
Jordan,JOR,"Literacy rate, adult male (% of males ages 15 and above)",SE.ADT.LITR.MA.ZS,,,,,,,,,,,,,,,,,,,,80.48261261,,,,,,,,,,,,,,,,,,,,,,,,95.08450317,,95.17645264,,95.49455261,,,95.76724243,97.74835968,98.44455719,,,,,,98.61421204,,
Japan,JPN,"Literacy rate, adult male (% of males ages 15 and above)",SE.ADT.LITR.MA.ZS,,,,,,,,,,,,,,,,,,,,,,,,,,,,,,,,,,,,,,,,,,,,,,,,,,,,,,,,,,,,,
Kazakhstan,KAZ,"Literacy rate, adult male (% of males ages 15 and above)",SE.ADT.LITR.MA.ZS,,,,,,,,,,,,,,,,,,,,,,,,,,,,,,99.07195282,,,,,,,,,,99.76329803,,,,,,,,,,99.78624725,99.8296814,,,,,,,,99.8296814,,
Kenya,KEN,"Literacy rate, adult male (% of males ages 15 and above)",SE.ADT.LITR.MA.ZS,,,,,,,,,,,,,,,,,,,,,,,,,,,,,,,,,,,,,,,,,87.49465942,,,,,,,78.07914734,,,,,,,83.7780304,,,,84.98883057,,
Kyrgyz Republic,KGZ,"Literacy rate, adult male (% of males ages 15 and above)",SE.ADT.LITR.MA.ZS,,,,,,,,,,,,,,,,,,,,,,,,,,,,,,,,,,,,,,,,99.30670929,,,,,,,,,,99.5187912,,,,,,,,,99.67700958,,
Cambodia,KHM,"Literacy rate, adult male (% of males ages 15 and above)",SE.ADT.LITR.MA.ZS,,,,,,,,,,,,,,,,,,,,,,,,,,,,,,,,,,,,,,,79.48217773,,,,,,84.68000793,,,,84.98745728,83.93267822,,,,,84.81414795,86.53244019,,,,,
Kiribati,KIR,"Literacy rate, adult male (% of males ages 15 and above)",SE.ADT.LITR.MA.ZS,,,,,,,,,,,,,,,,,,,,,,,,,,,,,,,,,,,,,,,,,,,,,,,,,,,,,,,,,,,,,
St. Kitts and Nevis,KNA,"Literacy rate, adult male (% of males ages 15 and above)",SE.ADT.LITR.MA.ZS,,,,,,,,,,,,,,,,,,,,,,,,,,,,,,,,,,,,,,,,,,,,,,,,,,,,,,,,,,,,,
"Korea, Rep.",KOR,"Literacy rate, adult male (% of males ages 15 and above)",SE.ADT.LITR.MA.ZS,,,,,,,,,,,,,,,,,,,,,,,,,,,,,,,,,,,,,,,,,,,,,,,,,98.31552124,,,,,,,,,,,,
Kuwait,KWT,"Literacy rate, adult male (% of males ages 15 and above)",SE.ADT.LITR.MA.ZS,,,,,,,,,,,,,,,,68.02863312,,,,,72.78765106,,,,,78.19730377,,,,,,,,,,81.12094879,,,,,,,,,,94.44603729,94.52522278,94.79457855,95.01587677,,95.54531097,,95.83972168,96.35418701,,96.39225006,,96.69714355,96.66645813,,
Latin America & Caribbean (excluding high income),LAC,"Literacy rate, adult male (% of males ages 15 and above)",SE.ADT.LITR.MA.ZS,,,,,,,,,,,,,,,81.15727997,81.15326691,81.40660858,81.70104218,82.00849915,82.27474213,82.4238205,82.75842285,83.01302338,83.28743744,83.53386688,83.77210999,84.00450897,84.31704712,84.69648743,84.9879837,85.18016815,85.76284027,86.37258911,86.98963928,87.58721924,88.20194244,88.48223114,88.76210785,89.18704987,89.44426727,89.61917114,89.79245758,89.83808136,90.59915924,90.55065918,91.00598907,91.16777039,91.53910828,91.79347229,92.19062042,92.01306152,92.67276764,92.7919693,92.84107208,93.2543335,93.47081757,93.94953918,94.07730103,94.18756104,94.60984039,
Lao PDR,LAO,"Literacy rate, adult male (% of males ages 15 and above)",SE.ADT.LITR.MA.ZS,,,,,,,,,,,,,,,,,,,,,,,,,,,,,,,,,,,,73.48625183,,,,,81.36018372,77.00605774,,,,82.45175171,,,,,,67.35858154,,,,89.96128082,,,,,
Lebanon,LBN,"Literacy rate, adult male (% of males ages 15 and above)",SE.ADT.LITR.MA.ZS,,,,,,,,,,,,,,,,,,,,,,,,,,,,,,,,,,,,,,,,,,,,,,,,93.37893677,,94.27194977,,,,,,,,,96.85466003,,
Liberia,LBR,"Literacy rate, adult male (% of males ages 15 and above)",SE.ADT.LITR.MA.ZS,,,,,,,,,,,,,,,,,,,,,,,,,44.87931824,,,,,,,,,,,,,,,,,,,,,,,60.77481079,,,,,,,,,,62.69655991,,,
Libya,LBY,"Literacy rate, adult male (% of males ages 15 and above)",SE.ADT.LITR.MA.ZS,,,,,,,,,,,,,,,,,,,,,,,,,76.99263,,,,,,,,,,87.72000122,,,,,,,,,,93.84999847,,,,,,,,,,,,,,,,
St. Lucia,LCA,"Literacy rate, adult male (% of males ages 15 and above)",SE.ADT.LITR.MA.ZS,,,,,,,,,,,,,,,,,,,,,,,,,,,,,,,,,,,,,,,,,,,,,,,,,,,,,,,,,,,,,
Latin America & Caribbean,LCN,"Literacy rate, adult male (% of males ages 15 and above)",SE.ADT.LITR.MA.ZS,,,,,,,,,,,,,,,81.7804718,81.77266693,82.01119232,82.28806305,82.58750916,82.84747314,82.99230957,83.31977844,83.55766296,83.82872772,84.068367,84.30011749,84.52655029,84.81236267,85.17521667,85.49192047,85.67778778,86.23394775,86.81099701,87.40007019,87.96925354,88.55445099,88.8240509,89.09916687,89.50546265,89.74376678,89.9127121,90.0835495,90.12892151,90.84777069,90.80825043,91.24443054,91.41100311,91.83344269,92.05264282,92.43688965,92.23753357,92.8658371,92.98915863,93.01265717,93.41484833,93.63179779,94.0982132,94.19429779,94.30992889,94.71642303,
Least developed countries: UN classification,LDC,"Literacy rate, adult male (% of males ages 15 and above)",SE.ADT.LITR.MA.ZS,,,,,,,,,,,,,,,,,,,,,,51.36857986,51.72911072,52.05825043,52.44522858,52.81621933,53.08990097,53.47751999,54.56563187,55.11193848,55.50419998,55.48474121,55.99541092,56.33919144,57.0550499,57.62067032,57.9634285,58.52841187,60.10794067,60.87226868,61.04359055,61.32603073,62.56774139,63.19865036,64.52763367,63.94649124,62.91123962,61.68976974,64.23782349,64.813797,65.1309433,65.07483673,65.63036346,66.75319672,67.45034027,68.44805908,70.27742767,70.76274872,71.19537354,71.62528229,
Low income,LIC,"Literacy rate, adult male (% of males ages 15 and above)",SE.ADT.LITR.MA.ZS,,,,,,,,,,,,,,,,,,,,,,,,,,,,,56.63087845,57.02038956,57.40298843,57.48532104,57.70362091,57.91082001,58.30432892,58.45643997,58.68207169,59.29005051,59.91957092,60.40499115,60.31248856,60.8821907,62.63058853,62.89712143,64.73586273,63.6256485,61.84207153,62.84302139,63.1872406,63.76781082,63.92684174,65.3852005,65.76844788,66.63993073,66.96620941,67.2532196,67.60968781,68.1158905,68.32656097,68.62081146,
Liechtenstein,LIE,"Literacy rate, adult male (% of males ages 15 and above)",SE.ADT.LITR.MA.ZS,,,,,,,,,,,,,,,,,,,,,,,,,,,,,,,,,,,,,,,,,,,,,,,,,,,,,,,,,,,,,
Sri Lanka,LKA,"Literacy rate, adult male (% of males ages 15 and above)",SE.ADT.LITR.MA.ZS,,,,,,,,,,,,,,,,,,,,,,91.3483963,,,,,,,,,,,,,,,,,,,,92.27020264,,,,,92.71365356,,92.243927,,92.57846832,,,,,,93.45588684,92.98055267,92.77292633,,
Lower middle income,LMC,"Literacy rate, adult male (% of males ages 15 and above)",SE.ADT.LITR.MA.ZS,,,,,,,,,,,,,,,,58.72026825,58.76631165,59.20008087,59.62179184,60.00400925,60.3696785,60.33592987,61.13195038,61.45243835,61.87857056,62.30984879,62.73696136,63.39115906,64.46398163,65.00717926,65.50701904,65.66573334,66.84494781,67.65828705,68.2579422,68.80535126,69.38755035,69.91841888,73.47799683,73.96240997,74.07653046,74.36595154,75.01554871,75.95513153,76.55886078,76.49227142,76.76544189,76.41723633,77.58528137,78.16581726,78.50488281,78.49256134,79.28424072,79.66256714,80.14859772,80.79646301,81.32176971,81.74749756,82.10877228,82.48419189,
Low & middle income,LMY,"Literacy rate, adult male (% of males ages 15 and above)",SE.ADT.LITR.MA.ZS,,,,,,,,,,,,,,,,69.69016266,69.7776413,70.05045319,70.58589172,71.09677887,71.42711639,71.95735931,72.56797028,73.11354828,73.6542511,74.14932251,74.60962677,75.24546814,76.91175842,77.32975769,77.46396637,77.97428131,78.61621094,79.10292816,79.50238037,79.86682892,80.23690796,81.78076935,83.31349182,83.60167694,83.73423004,83.96865845,84.37142944,84.9511795,85.36943054,85.36216736,85.3960495,85.52165222,86.04746246,86.28910828,86.4048996,86.51357269,87.00079346,87.1763382,87.4865799,87.61551666,88.04625702,88.19338226,88.16671753,88.36218262,
Lesotho,LSO,"Literacy rate, adult male (% of males ages 15 and above)",SE.ADT.LITR.MA.ZS,,,,,,,,,,,,,,,,,,,,,,,,,,,,,,,,,,,,,,,,,79.99578094,,,,,,,,,65.5219574,,,,,67.74746704,,,,,,
Late-demographic dividend,LTE,"Literacy rate, adult male (% of males ages 15 and above)",SE.ADT.LITR.MA.ZS,,,,,,,,,,,,,,,,,80.55859375,80.56865692,81.16562653,81.73938751,82.31108093,82.88668823,83.31468964,83.98966217,84.52207184,85.03762054,85.53453064,86.00948334,88.42855072,88.75837708,88.45374298,89.42059326,89.75209045,90.08065796,90.38500977,90.71202087,90.99430847,93.82673645,94.01989746,94.20822906,94.35179901,94.61016083,94.81330109,95.08524323,95.22988892,95.43830109,95.58032227,96.158638,96.28701782,96.42894745,96.4099884,96.77204895,96.90187836,96.95960999,97.04650116,97.15838623,97.29325104,97.3793869,97.45571136,97.58460999,
Lithuania,LTU,"Literacy rate, adult male (% of males ages 15 and above)",SE.ADT.LITR.MA.ZS,,,,,,,,,,,,,,,,,,,,,,,,,,,,,,99.20681,,,,,,,,,,,,99.64315033,,,,,,,,,,99.79418945,,,,,,,,,
Luxembourg,LUX,"Literacy rate, adult male (% of males ages 15 and above)",SE.ADT.LITR.MA.ZS,,,,,,,,,,,,,,,,,,,,,,,,,,,,,,,,,,,,,,,,,,,,,,,,,,,,,,,,,,,,,
Latvia,LVA,"Literacy rate, adult male (% of males ages 15 and above)",SE.ADT.LITR.MA.ZS,,,,,,,,,,,,,,,,,,,,,,,,,,,,,,99.7543335,,,,,,,,,,,99.79334259,,,,,,,,,,,99.88110352,,,,,,,99.86837006,,
"Macao SAR, China",MAC,"Literacy rate, adult male (% of males ages 15 and above)",SE.ADT.LITR.MA.ZS,,,,,,,,,,,,,,,,,,,,,,92.80967712,,,,,,,,,,,,,,,,,,,,95.27620697,,,,,96.46999359,,,,,97.75128937,,,,,98.18592072,,,,
St. Martin (French part),MAF,"Literacy rate, adult male (% of males ages 15 and above)",SE.ADT.LITR.MA.ZS,,,,,,,,,,,,,,,,,,,,,,,,,,,,,,,,,,,,,,,,,,,,,,,,,,,,,,,,,,,,,
Morocco,MAR,"Literacy rate, adult male (% of males ages 15 and above)",SE.ADT.LITR.MA.ZS,,,,,,,,,,,,,,,,,,,,,,,43.7143898,,,,,,,,,,,,55.15517044,,,,,,,,,,65.70675659,,,,68.36585999,68.9176178,,76.07357788,80.38336182,,,,,,83.30135345,,
Monaco,MCO,"Literacy rate, adult male (% of males ages 15 and above)",SE.ADT.LITR.MA.ZS,,,,,,,,,,,,,,,,,,,,,,,,,,,,,,,,,,,,,,,,,,,,,,,,,,,,,,,,,,,,,
Moldova,MDA,"Literacy rate, adult male (% of males ages 15 and above)",SE.ADT.LITR.MA.ZS,,,,,,,,,,,,,,,,,,,,,,,,,,,,,,98.61405182,,,,,,,,,,,97.97762299,,,,99.1103363,,,99.15551758,,99.35762787,99.35365295,,99.37358856,,99.60201263,,,,,,
Madagascar,MDG,"Literacy rate, adult male (% of males ages 15 and above)",SE.ADT.LITR.MA.ZS,,,,,,,,,,,,,,,,,,,,,,,,,,,,,,,,,,,,,,,,,76.53832245,,,,,63.34706879,,,,67.41731262,,,75.02886963,,,,,,77.27513885,,
Maldives,MDV,"Literacy rate, adult male (% of males ages 15 and above)",SE.ADT.LITR.MA.ZS,,,,,,,,,,,,,,,,,,82.40484619,,,,,,,,92.11401367,,,,,95.89713287,,,,,96.21227264,,,,,,,,,,,98.36569214,,,,,,,,98.52033997,,97.29892731,,,,
Middle East & North Africa,MEA,"Literacy rate, adult male (% of males ages 15 and above)",SE.ADT.LITR.MA.ZS,,,,,,,,,,,,,,57.01539993,57.48273087,57.9767189,58.21255875,59.00487137,59.62096024,60.24311829,60.93909836,61.58139038,62.25793839,62.66819,63.50014114,64.3995285,65.14411163,65.90799713,66.87918854,67.73175049,69.80400085,70.76434326,71.60295105,72.75753784,73.38657379,74.51693726,75.34873962,76.2682724,77.24636078,78.04125214,78.75808716,79.70259857,80.0408783,83.39700317,83.92622375,83.10076141,82.4838562,83.06513977,83.52578735,83.14521027,83.6138916,84.29831696,86.95057678,86.96636963,87.94567108,86.00827789,86.8549881,87.37286377,85.08522034,85.32794189,
Mexico,MEX,"Literacy rate, adult male (% of males ages 15 and above)",SE.ADT.LITR.MA.ZS,,,,,,,,,,,,,,,,,,,,,86.24265289,,,,,,,,,,90.34739685,,,,,,,,,,92.55937195,,91.99780273,,92.44960785,93.1904068,93.90119934,94.44151306,94.59216309,94.91657257,94.38394165,94.78276825,95.39163208,95.11210632,95.62046814,95.54933167,95.84481812,95.87236786,96.23290253,,
Marshall Islands,MHL,"Literacy rate, adult male (% of males ages 15 and above)",SE.ADT.LITR.MA.ZS,,,,,,,,,,,,,,,,,,,,,,,,,,,,,,,,,,,,,,,,,,,,,,,,,,,,98.3250885,,,,,,,,,
Middle income,MIC,"Literacy rate, adult male (% of males ages 15 and above)",SE.ADT.LITR.MA.ZS,,,,,,,,,,,,,,,,70.82161713,70.89620209,71.1648407,71.71401978,72.24051666,72.56105042,73.09204865,73.7084198,74.25511932,74.80014801,75.29812622,75.76750183,76.41184998,78.15962982,78.58467865,78.71069336,79.2594223,79.9405365,80.45847321,80.87291718,81.26693726,81.65384674,83.27011108,84.87584686,85.16409302,85.32488251,85.55120087,85.87568665,86.49188995,86.82644653,86.91581726,87.09928894,87.18302155,87.74581909,87.98679352,88.12448883,88.15373993,88.67388916,88.81967926,89.15498352,89.29857635,89.76303101,89.90853882,89.8914032,90.10964966,
North Macedonia,MKD,"Literacy rate, adult male (% of males ages 15 and above)",SE.ADT.LITR.MA.ZS,,,,,,,,,,,,,,,,,,,,,,,,,,,,,,,,,,,97.23235321,,,,,,,,98.21278381,,,,,,,,,,,,98.80999756,,,,,,
Mali,MLI,"Literacy rate, adult male (% of males ages 15 and above)",SE.ADT.LITR.MA.ZS,,,,,,,,,,,,,,,,,13.51292038,,,,,,,,,,,,,,,,,,,,,,26.73296928,,,,,32.70000076,,,34.85789108,,,,43.40063095,43.52046967,,,,45.06592178,,,46.18413925,,
Malta,MLT,"Literacy rate, adult male (% of males ages 15 and above)",SE.ADT.LITR.MA.ZS,,,,,,,,,,,,,,,,,,,,,,,,,,86.55354309,,,,,,,,,,86.43028259,,,,,,,,,,91.18657684,,,,,,91.79264832,,,,,,,93.00997162,,
Myanmar,MMR,"Literacy rate, adult male (% of males ages 15 and above)",SE.ADT.LITR.MA.ZS,,,,,,,,,,,,,,,,,,,,,,,,85.7883606,,,,,,,,,,,,,,,,,93.924263,,,,,,,,,,,,,,,,80.01158905,,,,
Middle East & North Africa (excluding high income),MNA,"Literacy rate, adult male (% of males ages 15 and above)",SE.ADT.LITR.MA.ZS,,,,,,,,,,,,53.73672867,54.20840836,54.68014908,55.14894104,55.64995956,55.85102081,56.67102051,57.29946899,57.93463898,58.66024017,59.31991959,59.92990875,60.33789825,61.20679092,62.1809082,62.98139954,63.80495834,64.78070831,65.63233185,67.90731812,68.91496277,69.88995361,71.12020111,71.77510834,73.00769806,73.86302185,74.81761169,75.76235962,76.57881927,77.33959198,78.2901001,78.49584961,82.51721191,83.04646301,81.97789764,81.11090851,81.66860962,82.0430069,81.45658112,81.93279266,82.09499359,85.27118683,85.15276337,86.29163361,83.70767212,84.78845215,85.37145233,82.49794006,82.7857132,
Montenegro,MNE,"Literacy rate, adult male (% of males ages 15 and above)",SE.ADT.LITR.MA.ZS,,,,,,,,,,,,,,,,,,,,,,96.32053375,,,,,,,,,,89.28208923,,,,,,,,,,,,99.30319214,,,,,,,,99.43121338,,,,,,,99.45046997,,
Mongolia,MNG,"Literacy rate, adult male (% of males ages 15 and above)",SE.ADT.LITR.MA.ZS,,,,,,,,,,,,,,,,,,,,,,,,,,,,,,,,,,,,,,,,,98.01677704,,,,,,,,,,98.17469788,,,,,,,,98.18601227,,
Northern Mariana Islands,MNP,"Literacy rate, adult male (% of males ages 15 and above)",SE.ADT.LITR.MA.ZS,,,,,,,,,,,,,,,,,,,,,,,,,,,,,,,,,,,,,,,,,,,,,,,,,,,,,,,,,,,,,
Mozambique,MOZ,"Literacy rate, adult male (% of males ages 15 and above)",SE.ADT.LITR.MA.ZS,,,,,,,,,,,,,,,,,,,,,43.77833176,,,,,,,,,,,,,,,,,54.81887817,,,,,,65.57710266,,,,,,67.35469818,,,,,,70.75839233,,72.59944916,,,
Mauritania,MRT,"Literacy rate, adult male (% of males ages 15 and above)",SE.ADT.LITR.MA.ZS,,,,,,,,,,,,,,,,,,,,,,,,,,,,,,,,,,,,,,,,,59.54032898,,,,,,,57.4043808,,,,,,,,,,63.74855042,,,
Mauritius,MUS,"Literacy rate, adult male (% of males ages 15 and above)",SE.ADT.LITR.MA.ZS,,,,,,,,,,,,,,,,,,,,,,,,,,,,,,,85.14575195,,,,,,,,,,88.2278595,,,,,,,,,,,91.95172119,94.65241241,94.03688812,94.76538086,94.86116791,95.43585968,,93.35735321,,
Malawi,MWI,"Literacy rate, adult male (% of males ages 15 and above)",SE.ADT.LITR.MA.ZS,,,,,,,,,,,,,,,,,,,,,,,,,,,,65.27950287,,,,,,,,,,,74.92640686,,,,,,,,,,,,72.09764862,,,,75.97926331,69.75396729,,,,,
Malaysia,MYS,"Literacy rate, adult male (% of males ages 15 and above)",SE.ADT.LITR.MA.ZS,,,,,,,,,,,,,,,,,,,,,78.14633179,,,,,,,,,,,88.56298828,,,,,,,,,91.96923828,,,,,,,,,,95.43374634,,,,,,96.29699707,96.49912262,96.12304688,,
North America,NAC,"Literacy rate, adult male (% of males ages 15 and above)",SE.ADT.LITR.MA.ZS,,,,,,,,,,,,,,,,,,,,,,,,,,,,,,,,,,,,,,,,,,,,,,,,,,,,,,,,,,,,,
Namibia,NAM,"Literacy rate, adult male (% of males ages 15 and above)",SE.ADT.LITR.MA.ZS,,,,,,,,,,,,,,,,,,,,,,,,,,,,,,,,77.80812073,,,,,,,,,,86.55522919,,,,,,74.32834625,,,,88.63123322,,,,,,,91.62741852,,
New Caledonia,NCL,"Literacy rate, adult male (% of males ages 15 and above)",SE.ADT.LITR.MA.ZS,,,,,,,,,,,,,,,,,92.19094086,,,,,,,,,,,,,94.04418945,,,,,,,96.78476715,,,,,,,,,,,,,,,,,,98.13999939,,,,,,
Niger,NER,"Literacy rate, adult male (% of males ages 15 and above)",SE.ADT.LITR.MA.ZS,,,,,,,,,,,,,,,,,,,,,,,,,,,,,,,,,,,,,,,,,,19.64006042,,,,42.92736816,,,,,,,39.05868912,,,,,,43.59405899,,
Nigeria,NGA,"Literacy rate, adult male (% of males ages 15 and above)",SE.ADT.LITR.MA.ZS,,,,,,,,,,,,,,,,,,,,,,,,,,,,,,,,67.65373993,,,,,,,,,,,,66.76743317,,,76.13186646,,61.25405121,,,,,,,,,,71.25570679,,
Nicaragua,NIC,"Literacy rate, adult male (% of males ages 15 and above)",SE.ADT.LITR.MA.ZS,,,,,,,,,,,,,,,,,,,,,,,,,,,,,,,,,,,,,,,,,,76.76049042,,,,78.09642792,,,,,,,,,,82.43855286,,,,,
Netherlands,NLD,"Literacy rate, adult male (% of males ages 15 and above)",SE.ADT.LITR.MA.ZS,,,,,,,,,,,,,,,,,,,,,,,,,,,,,,,,,,,,,,,,,,,,,,,,,,,,,,,,,,,,,
Norway,NOR,"Literacy rate, adult male (% of males ages 15 and above)",SE.ADT.LITR.MA.ZS,,,,,,,,,,,,,,,,,,,,,,,,,,,,,,,,,,,,,,,,,,,,,,,,,,,,,,,,,,,,,
Nepal,NPL,"Literacy rate, adult male (% of males ages 15 and above)",SE.ADT.LITR.MA.ZS,,,,,,,,,,,,,,,,,,,,,,31.67275047,,,,,,,,,,49.22002029,,,,,,,,,,62.70801163,,,,,,,,,,71.70838165,,,,,,,78.59133911,,
Nauru,NRU,"Literacy rate, adult male (% of males ages 15 and above)",SE.ADT.LITR.MA.ZS,,,,,,,,,,,,,,,,,,,,,,,,,,,,,,,,,,,,,,,,,,,,,,,,,,,,,,,,,,,,,
New Zealand,NZL,"Literacy rate, adult male (% of males ages 15 and above)",SE.ADT.LITR.MA.ZS,,,,,,,,,,,,,,,,,,,,,,,,,,,,,,,,,,,,,,,,,,,,,,,,,,,,,,,,,,,,,
OECD members,OED,"Literacy rate, adult male (% of males ages 15 and above)",SE.ADT.LITR.MA.ZS,,,,,,,,,,,,,,,,,,,,,,,,,,,,,,,,,,,,,,,,,,,,,,,,,,,,,,,,,,,,,
Oman,OMN,"Literacy rate, adult male (% of males ages 15 and above)",SE.ADT.LITR.MA.ZS,,,,,,,,,,,,,,,,,,,,,,,,,,,,,,,,,,,,,,,,,,,,86.86234283,,,,,89.99932098,,90.24302673,,,,94.99073792,96.63287354,96.63082886,97.02387238,96.98941803,,
Other small states,OSS,"Literacy rate, adult male (% of males ages 15 and above)",SE.ADT.LITR.MA.ZS,,,,,,,,,,,,,,,,,,,,,,,,76.01242065,76.20025635,76.37814331,76.60462189,76.94529724,77.01264954,77.46318054,77.7742691,78.14862823,78.58970642,79.05245972,79.29573059,79.66056061,80.21775818,80.71003723,81.51618195,81.95435333,82.11769104,82.87243652,83.63841248,84.23090363,84.43950653,85.03990173,84.37586212,83.13076019,84.33117676,83.73036957,84.30235291,84.98110199,85.11830139,85.47635651,85.83434296,87.69114685,87.23258209,87.39872742,87.55148315,87.75659943,
Pakistan,PAK,"Literacy rate, adult male (% of males ages 15 and above)",SE.ADT.LITR.MA.ZS,,,,,,,,,,,,,,,,,,,,,,35.38064957,,,,,,,,,,,,,,,,,55.29661179,,,,,,,64.06047821,67.65184021,65.00493622,68.8660965,68.62761688,68.90061188,66.99114227,69.85822296,68.62934113,69.06681061,,,71.11599731,,,
Panama,PAN,"Literacy rate, adult male (% of males ages 15 and above)",SE.ADT.LITR.MA.ZS,,,,,,,,,,,,,,,,,,,,,88.09651947,,,,,,,,,,89.33695984,,,,,,,,,,92.54792786,,,,,,,,,,94.70741272,,,,,,,,95.96893311,,
Peru,PER,"Literacy rate, adult male (% of males ages 15 and above)",SE.ADT.LITR.MA.ZS,,,,,,,,,,,,,,,,,,,,,,90.1435318,,,,,,,,,,,,92.85101318,,,,,,,,,,,93.46070099,93.7183075,94.22582245,94.85703278,,,,,96.95012665,,96.94898224,97.10637665,97.1884613,97.03974152,97.12136841,,
Philippines,PHL,"Literacy rate, adult male (% of males ages 15 and above)",SE.ADT.LITR.MA.ZS,,,,,,,,,,,,,,,,,,,,,83.88928986,,,,,,,,,,93.97168732,,,,93.30285645,,,,,,92.54499817,,,91.63449097,,,,,95.01213074,,,,,96.00833893,,98.12325287,,,,,
Palau,PLW,"Literacy rate, adult male (% of males ages 15 and above)",SE.ADT.LITR.MA.ZS,,,,,,,,,,,,,,,,,,,,,93.2873764,,,,,,,,,,,,,,,,,,,,,,,,,,,,,,,,,99.46720886,,96.81275177,,,,,
Papua New Guinea,PNG,"Literacy rate, adult male (% of males ages 15 and above)",SE.ADT.LITR.MA.ZS,,,,,,,,,,,,,,,,,,,,,,,,,,,,,,,,,,,,,,,,,63.44522095,,,,,,,,,,65.29000092,,,,,,,,,,
Poland,POL,"Literacy rate, adult male (% of males ages 15 and above)",SE.ADT.LITR.MA.ZS,,,,,,,,,,,,,,,,,,,99.27516937,,,,,,,,,,99.27516937,,,,,,,,,,99.27516937,,,,,,,,,,99.27516937,,,,,,,,,,,,
Pre-demographic dividend,PRE,"Literacy rate, adult male (% of males ages 15 and above)",SE.ADT.LITR.MA.ZS,,,,,,,,,,,,,,,,,,,,,,,,,,,60.79668045,61.50452042,61.95059967,62.65166855,63.15616989,63.24504089,63.85065842,64.30264282,64.75287628,64.88092041,65.33821106,66.06661224,66.74002075,67.54972839,66.25689697,67.04772186,67.5117569,67.50199127,68.51573944,67.85421753,67.76663208,65.00547028,64.64063263,64.03308105,64.44117737,65.75344849,68.25956726,68.77435303,69.67315674,68.40589905,70.44972992,71.05847931,69.90847015,70.27606201,
Puerto Rico,PRI,"Literacy rate, adult male (% of males ages 15 and above)",SE.ADT.LITR.MA.ZS,,,,,,,,,,,,,,,,,,,,,87.74803162,,,,,,,,,,89.50269318,,,,,,,,,,,,,,,,,,,,91.33078003,,,,,,,92.38996124,,,
"Korea, Dem. People’s Rep.",PRK,"Literacy rate, adult male (% of males ages 15 and above)",SE.ADT.LITR.MA.ZS,,,,,,,,,,,,,,,,,,,,,,,,,,,,,,,,,,,,,,,,,,,,,,,,,99.99887848,,,,,,,,,,,,
Portugal,PRT,"Literacy rate, adult male (% of males ages 15 and above)",SE.ADT.LITR.MA.ZS,,,,,,,,,,,,,,,,,,,,,,84.83334351,,,,,,,,,,91.58705902,,,,,,,,,,93.30082703,,,,,,,,,,96.2855835,,,,,,,97.35362244,,
Paraguay,PRY,"Literacy rate, adult male (% of males ages 15 and above)",SE.ADT.LITR.MA.ZS,,,,,,,,,,,,,,,,,,,,,,,81.08306885,,,,,,,,,,92.00015259,,,,,,,,,,93.8864975,,,,,95.71237946,94.12631989,94.36772919,94.8131485,,94.81725311,95.6661911,95.87412262,96.25430298,95.47605896,,94.51148224,,
West Bank and Gaza,PSE,"Literacy rate, adult male (% of males ages 15 and above)",SE.ADT.LITR.MA.ZS,,,,,,,,,,,,,,,,,,,,,,,,,,,,,,,,,,,,,,92.24350739,,,,,,,96.54279327,,97.07988739,97.23721313,97.14399719,97.43125153,97.62902069,97.85700226,98.19180298,98.39109039,98.40231323,98.48090363,98.60784149,,98.65776062,,
Pacific island small states,PSS,"Literacy rate, adult male (% of males ages 15 and above)",SE.ADT.LITR.MA.ZS,,,,,,,,,,,,,,,,,,,,,,,,,,,,,,,89.60753632,89.64489746,89.85218811,90.06672668,90.284729,90.49108124,90.65914154,90.85894012,91.04737091,91.22512054,91.38944244,91.55168915,91.69242859,91.8147583,91.94512939,92.04534149,92.14421082,92.28060913,92.42411041,92.56365204,92.71327209,92.81842041,92.90617371,92.98667145,93.03234863,93.07756805,93.17160034,93.26960754,93.28141785,,
Post-demographic dividend,PST,"Literacy rate, adult male (% of males ages 15 and above)",SE.ADT.LITR.MA.ZS,,,,,,,,,,,,,,,,,,,,,,,,,,,,,,,,,,,,,,,,,,,,,,,,,,,,,,,,,,,,,
French Polynesia,PYF,"Literacy rate, adult male (% of males ages 15 and above)",SE.ADT.LITR.MA.ZS,,,,,,,,,,,,,,,,,,,,,,,,,,,,,,,,,,,,,,,,,,,,,,,,,,,,,,,,,,,,,
Qatar,QAT,"Literacy rate, adult male (% of males ages 15 and above)",SE.ADT.LITR.MA.ZS,,,,,,,,,,,,,,,,,,,,,,,,,,,76.79582977,,,,,,,,,,,84.24456024,,,,,,,86.73982239,,,89.95789337,91.43579102,91.36682129,91.74861908,91.65413666,89.9982605,90.34342957,91.04651642,,92.88156128,93.14446259,,,
Romania,ROU,"Literacy rate, adult male (% of males ages 15 and above)",SE.ADT.LITR.MA.ZS,,,,,,,,,,,,,,,,,,,,,,,,,,,,,,,,,98.53202057,,,,,,,,,,98.40440369,,,,,,,,,99.0342865,,,,,,,99.10800934,,
Russian Federation,RUS,"Literacy rate, adult male (% of males ages 15 and above)",SE.ADT.LITR.MA.ZS,,,,,,,,,,,,,,,,,,,,,,,,,,,,,,99.45623779,,,,,,,,,,,,,99.69407654,,,,,,,,99.72830963,,,,,,,,99.72515869,,
Rwanda,RWA,"Literacy rate, adult male (% of males ages 15 and above)",SE.ADT.LITR.MA.ZS,,,,,,,,,,,,,,,,,,,50.82326126,,,,,,,,,,,,,,,,,,,,,,71.41938019,,,,,,,,,,71.13053894,,72.4451828,,76.14972687,,,,77.55879974,,
South Asia,SAS,"Literacy rate, adult male (% of males ages 15 and above)",SE.ADT.LITR.MA.ZS,,,,,,,,,,,,,,,,49.94168854,49.95933151,50.54817963,51.10839081,51.61830902,52.13589096,51.9708786,53.12791061,53.64797974,54.15793991,54.66075134,55.1471405,55.62915039,57.08452988,57.69548035,58.27148819,58.33132935,59.85725021,60.89702988,61.52899933,62.1688385,62.8070488,63.44416046,68.60549927,69.13889313,69.6803894,69.85626984,70.73000336,71.64340973,72.17703247,72.54544067,72.57694244,72.8914566,74.77736664,75.29644775,75.71617126,75.84069061,76.53977203,77.05271149,77.50517273,78.26880646,79.38095856,79.8610611,80.30548096,80.80539703,
Saudi Arabia,SAU,"Literacy rate, adult male (% of males ages 15 and above)",SE.ADT.LITR.MA.ZS,,,,,,,,,,,,,,,,,,,,,,,,,,,,,,,,,79.96852875,,,,,,,,87.06076813,,,,87.53204346,,,,,,,,,96.53143311,,,,97.10370636,,,
Sudan,SDN,"Literacy rate, adult male (% of males ages 15 and above)",SE.ADT.LITR.MA.ZS,,,,,,,,,,,,,,,,,,,,,,,,,,,,,,,,,,,,,,,,,71.58101654,,,,,,,,59.79824829,,,,,,,,,,65.43515015,,
Senegal,SEN,"Literacy rate, adult male (% of males ages 15 and above)",SE.ADT.LITR.MA.ZS,,,,,,,,,,,,,,,,,,,,,,,,,,,,,36.90288162,,,,,,,,,,,,,,51.05152893,,,,52.25848007,,,59.78427124,,66.03601074,,53.9004097,,,,64.81227875,,,
Singapore,SGP,"Literacy rate, adult male (% of males ages 15 and above)",SE.ADT.LITR.MA.ZS,,,,,,,,,,,,,,,,,,,,,91.56623077,,,,,,,,,,95.09316254,,,,,,,,,,96.56510162,,,,,,,,,,98.03713989,98.39283752,98.46945953,98.5425415,98.60901642,98.55957031,98.73446655,98.79692078,98.85089874,,
Solomon Islands,SLB,"Literacy rate, adult male (% of males ages 15 and above)",SE.ADT.LITR.MA.ZS,,,,,,,,,,,,,,,,,,,,,,,,,,,,,,,,,,,,,,,,83.69999695,,,,,,,,,,83.69999695,,,,,,,,,,,
Sierra Leone,SLE,"Literacy rate, adult male (% of males ages 15 and above)",SE.ADT.LITR.MA.ZS,,,,,,,,,,,,,,,,,,,,,,,,,,,,,,,,,,,,,,,,,,,,,46.65428925,,,,,,,,,41.33216858,,,,,51.6468811,,
El Salvador,SLV,"Literacy rate, adult male (% of males ages 15 and above)",SE.ADT.LITR.MA.ZS,,,,,,,,,,,,,,,,,,,,,,,,,,,,,,,,,77.37241364,,,,,,,,,,,,,,86.69534302,84.86406708,87.05467987,86.82521057,87.09970093,88.39164734,,89.23500824,,90.0099411,90.29927063,90.63137817,91.1023407,,
San Marino,SMR,"Literacy rate, adult male (% of males ages 15 and above)",SE.ADT.LITR.MA.ZS,,,,,,,,,,,,,,,,,,,,,,,,,,,,,,,,,,,,,,,,,,,,,,,,,,,,,,,,,,,99.93208313,,
Somalia,SOM,"Literacy rate, adult male (% of males ages 15 and above)",SE.ADT.LITR.MA.ZS,,,,,,,,,,,,,7.198440075,,,,,,,,,,,,,,,,,,,,,,,,,,,,,,,,,,,,,,,,,,,,,,,,
Serbia,SRB,"Literacy rate, adult male (% of males ages 15 and above)",SE.ADT.LITR.MA.ZS,,,,,,,,,,,,,,,,,,,,,,,,,,,,,,,,,,,,,,,,,,,,98.90718079,,,,,,,,99.26464081,,,,,99.49970245,,,,
Sub-Saharan Africa (excluding high income),SSA,"Literacy rate, adult male (% of males ages 15 and above)",SE.ADT.LITR.MA.ZS,,,,,,,,,,,,,,,,,,,,,,,,,,60.13000107,60.41744995,60.99768829,61.36848068,61.92951965,62.45082855,62.51620865,63.1708107,63.65581131,64.27481079,64.33680725,64.80944824,65.42102814,66.0286026,66.73032379,65.64013672,66.40445709,67.43927765,67.55187225,69.41313934,68.11667633,68.21578979,66.38355255,66.209198,67.08470917,67.4732132,68.67366791,69.66414642,70.32595825,70.83924866,71.16934967,71.59126282,71.56965637,71.91525269,72.19207001,
South Sudan,SSD,"Literacy rate, adult male (% of males ages 15 and above)",SE.ADT.LITR.MA.ZS,,,,,,,,,,,,,,,,,,,,,,,,,,,,,,,,,,,,,,,,,,,,,,,,,34.83692932,,,,,,,,,,40.26480865,,
Sub-Saharan Africa,SSF,"Literacy rate, adult male (% of males ages 15 and above)",SE.ADT.LITR.MA.ZS,,,,,,,,,,,,,,,,,,,,,,,,,,60.20246124,60.48945999,61.06813812,61.43798828,61.99739838,62.51631165,62.5825882,63.23535919,63.71894836,64.33603668,64.39782715,64.8688736,65.47973633,66.08567047,66.7854538,65.69776154,66.46016693,67.49210358,67.6040802,69.46057892,68.16693878,68.26551819,66.43720245,66.26522064,67.13845062,67.52557373,68.72297668,69.71562195,70.37380981,70.88635254,71.21492767,71.63604736,71.60961151,71.9540329,72.22979736,
Small states,SST,"Literacy rate, adult male (% of males ages 15 and above)",SE.ADT.LITR.MA.ZS,,,,,,,,,,,,,,,,,,,,,,,,,,,79.29788971,79.53272247,79.5670166,79.86408234,80.06945801,80.33062744,80.64478302,80.97865295,81.16251373,81.48551941,81.9382019,82.34725952,83.0036087,83.23947144,83.54904175,84.15563965,84.76550293,85.24963379,85.46135712,85.96006775,85.51567841,84.70259094,85.6137619,85.19387054,85.66017914,86.20332336,86.32900238,86.66129303,86.96504211,88.37860107,88.0377121,88.16998291,88.28845215,88.44574738,
Sao Tome and Principe,STP,"Literacy rate, adult male (% of males ages 15 and above)",SE.ADT.LITR.MA.ZS,,,,,,,,,,,,,,,,,,,,,,73.14115143,,,,,,,,,,85.24964142,,,,,,,,,,92.23467255,,,,,,,80.33023834,,,,94.95616913,,,,,,96.16268158,,
Suriname,SUR,"Literacy rate, adult male (% of males ages 15 and above)",SE.ADT.LITR.MA.ZS,,,,,,,,,,,,,,,,,,,,,,,,,,,,,,,,,,,,,,,,,,,,,92.0163269,,,,95.49294281,,95.36479187,,94.86987305,,,,,,96.07404327,,
Slovak Republic,SVK,"Literacy rate, adult male (% of males ages 15 and above)",SE.ADT.LITR.MA.ZS,,,,,,,,,,,,,,,,,,,,,,,,,,,,,,,,,,,,,,,,,,,,,,,,,,,,,,,,,,,,,
Slovenia,SVN,"Literacy rate, adult male (% of males ages 15 and above)",SE.ADT.LITR.MA.ZS,,,,,,,,,,,,,,,,,,,,,,,,,,,,,,,,99.60208893,,,,,,,,,,,,,99.69000244,,,,,,,,,,99.69000244,,,,,,
Sweden,SWE,"Literacy rate, adult male (% of males ages 15 and above)",SE.ADT.LITR.MA.ZS,,,,,,,,,,,,,,,,,,,,,,,,,,,,,,,,,,,,,,,,,,,,,,,,,,,,,,,,,,,,,
Eswatini,SWZ,"Literacy rate, adult male (% of males ages 15 and above)",SE.ADT.LITR.MA.ZS,,,,,,,,,,,,,,,,,57.38439178,,,,,,,,,,69.68347168,,,,,,,,,,,,,,83.15461731,,,,,,,,,,83.90014648,,,,,,,,88.2875824,,
Sint Maarten (Dutch part),SXM,"Literacy rate, adult male (% of males ages 15 and above)",SE.ADT.LITR.MA.ZS,,,,,,,,,,,,,,,,,,,,,,,,,,,,,,,,,,,,,,,,,,,,,,,,,,,,,,,,,,,,,
Seychelles,SYC,"Literacy rate, adult male (% of males ages 15 and above)",SE.ADT.LITR.MA.ZS,,,,,,,,,,,,,,,,,,,,,,,,,,,,82.93166351,,,,,,,87.01515961,,,,,,,,91.40731812,,,,,,,,93.46392059,,,,,,,,95.41175842,,
Syrian Arab Republic,SYR,"Literacy rate, adult male (% of males ages 15 and above)",SE.ADT.LITR.MA.ZS,,,,,,,,,,,,,,,,,,,,,,73.58422089,,,,,,,,,,,,,,,,,,,,,91.02857208,,87.75814056,,,,,,,,,,,,,,,,
Turks and Caicos Islands,TCA,"Literacy rate, adult male (% of males ages 15 and above)",SE.ADT.LITR.MA.ZS,,,,,,,,,,,,,,,,,,,,,,,,,,,,,,,,,,,,,,,,,,,,,,,,,,,,,,,,,,,,,
Chad,TCD,"Literacy rate, adult male (% of males ages 15 and above)",SE.ADT.LITR.MA.ZS,,,,,,,,,,,,,,,,,,,,,,,,,,,,,,,,,,18.26059914,,,,,,,40.8270607,,,,39.3682518,,,,,,,,,,,38.91820145,31.32879066,,,,
East Asia & Pacific (IDA & IBRD countries),TEA,"Literacy rate, adult male (% of males ages 15 and above)",SE.ADT.LITR.MA.ZS,,,,,,,,,,,,,,,,,76.80007935,76.91504669,77.73886871,78.54181671,78.89630127,80.13095856,80.74967194,81.63552094,82.36344147,83.05213928,83.71019745,84.70767212,87.6374588,88.0655365,87.70812988,88.83383179,89.1870575,89.47663879,89.86685181,90.25016022,90.58805084,93.86488342,94.07926178,94.27313232,94.50144196,94.75023651,94.9701004,95.15789795,95.38065338,95.61804962,95.88021851,96.50032043,96.6343689,96.78916931,96.80789948,96.61026764,96.7517395,96.81906891,97.05631256,97.24427032,97.31067657,97.42080688,97.48867035,97.57393646,
Europe & Central Asia (IDA & IBRD countries),TEC,"Literacy rate, adult male (% of males ages 15 and above)",SE.ADT.LITR.MA.ZS,,,,,,,,,,,,,,,,,,,,,,,,97.46048737,97.82774353,97.91387939,97.92823029,97.97982788,97.99671936,98.04547119,98.13770294,98.14076233,98.18920135,98.23429871,98.2780838,98.3225708,98.38365173,98.41841888,98.50245667,98.51880646,98.72538757,98.76524353,98.79972076,98.82546997,98.87647247,99.00447845,98.98651886,99.01643372,99.02306366,99.13450623,99.27413177,99.37326813,99.42060852,99.43650055,99.45282745,99.46546173,99.50672913,99.50231934,99.52005768,99.53375244,
Togo,TGO,"Literacy rate, adult male (% of males ages 15 and above)",SE.ADT.LITR.MA.ZS,,,,,,,,,,,,,,,,,,,,,,,,,,,,,,,,,,,,,,,,,68.72573853,,,,,,70.2702713,,,71.16635132,,74.05682373,,,,77.25942993,,,,,
Thailand,THA,"Literacy rate, adult male (% of males ages 15 and above)",SE.ADT.LITR.MA.ZS,,,,,,,,,,,,,,,,,,,,,92.21295929,,,,,,,,,,,,,,,,,,,,94.90157318,,,,,95.60024261,,,,,96.43502045,,,95.25125885,,94.65911865,,,95.20239258,,
Tajikistan,TJK,"Literacy rate, adult male (% of males ages 15 and above)",SE.ADT.LITR.MA.ZS,,,,,,,,,,,,,,,,,,,,,,,,,,,,,,98.79109192,,,,,,,,,,,99.68399048,,,,,,,,,,,,,,99.81999969,,,,,,
Turkmenistan,TKM,"Literacy rate, adult male (% of males ages 15 and above)",SE.ADT.LITR.MA.ZS,,,,,,,,,,,,,,,,,,,,,,,,,,,,,,,,,,,,99.32498169,,,,,,,,,,,,,,,,,,,99.75,,,,,,
Latin America & the Caribbean (IDA & IBRD countries),TLA,"Literacy rate, adult male (% of males ages 15 and above)",SE.ADT.LITR.MA.ZS,,,,,,,,,,,,,,,81.09474182,81.09300232,81.34693909,81.63686371,81.94815826,82.2191391,82.37481689,82.71347046,82.96492004,83.25241852,83.50605774,83.7494812,83.98786163,84.28929138,84.66831207,85.00028229,85.19719696,85.78160095,86.3873291,87.00546265,87.60272217,88.21618652,88.50032806,88.79077148,89.21669006,89.46797943,89.64624786,89.82579803,89.8746109,90.61965942,90.58001709,91.0327301,91.20665741,91.64421844,91.87178802,92.27465057,92.07173157,92.71807098,92.8441391,92.86988831,93.28421021,93.50833893,93.98928833,94.08898163,94.20861053,94.62689972,
Timor-Leste,TLS,"Literacy rate, adult male (% of males ages 15 and above)",SE.ADT.LITR.MA.ZS,,,,,,,,,,,,,,,,,,,,,,,,,,,,,,,,,,,,,,,,,,45.29999924,,,,,,58.5,,,63.59178925,,,,,,,,71.86872101,,
Middle East & North Africa (IDA & IBRD countries),TMN,"Literacy rate, adult male (% of males ages 15 and above)",SE.ADT.LITR.MA.ZS,,,,,,,,,,,,53.43529892,53.91110992,54.38478088,54.85525131,55.3590889,55.56145096,56.38851166,57.02275848,57.66362,58.39524841,59.05968094,59.67354965,60.08358002,60.95843887,61.93970871,62.74542999,63.57474899,64.55757904,65.41500854,67.70777893,68.72235107,69.70397949,70.93955231,71.59474945,72.832901,73.69061279,74.65483856,75.59631348,76.41577148,77.17996979,78.13677216,78.32209778,82.38144684,82.91590118,81.83352661,80.9540863,81.51354218,81.89013672,81.29221344,81.76882935,81.92841339,85.1330719,85.00964355,86.15920258,83.54424286,84.63363647,85.22058868,82.31231689,82.60043335,
Tonga,TON,"Literacy rate, adult male (% of males ages 15 and above)",SE.ADT.LITR.MA.ZS,,,,,,,,,,,,,,,,,99.65866089,,,,,,,,,,,,,,,,,,,,98.83406067,,,,,,,,,,98.95388031,,,,,99.33509827,,,,,,,99.35098267,,
South Asia (IDA & IBRD),TSA,"Literacy rate, adult male (% of males ages 15 and above)",SE.ADT.LITR.MA.ZS,,,,,,,,,,,,,,,,49.94168854,49.95933151,50.54817963,51.10839081,51.61830902,52.13589096,51.9708786,53.12791061,53.64797974,54.15793991,54.66075134,55.1471405,55.62915039,57.08452988,57.69548035,58.27148819,58.33132935,59.85725021,60.89702988,61.52899933,62.1688385,62.8070488,63.44416046,68.60549927,69.13889313,69.6803894,69.85626984,70.73000336,71.64340973,72.17703247,72.54544067,72.57694244,72.8914566,74.77736664,75.29644775,75.71617126,75.84069061,76.53977203,77.05271149,77.50517273,78.26880646,79.38095856,79.8610611,80.30548096,80.80539703,
Sub-Saharan Africa (IDA & IBRD countries),TSS,"Literacy rate, adult male (% of males ages 15 and above)",SE.ADT.LITR.MA.ZS,,,,,,,,,,,,,,,,,,,,,,,,,,60.20246124,60.48945999,61.06813812,61.43798828,61.99739838,62.51631165,62.5825882,63.23535919,63.71894836,64.33603668,64.39782715,64.8688736,65.47973633,66.08567047,66.7854538,65.69776154,66.46016693,67.49210358,67.6040802,69.46057892,68.16693878,68.26551819,66.43720245,66.26522064,67.13845062,67.52557373,68.72297668,69.71562195,70.37380981,70.88635254,71.21492767,71.63604736,71.60961151,71.9540329,72.22979736,
Trinidad and Tobago,TTO,"Literacy rate, adult male (% of males ages 15 and above)",SE.ADT.LITR.MA.ZS,,,,,,,,,,,,,,,,,,,,,96.52153015,,,,,,,,,,98.00980377,,,,,,,,,,98.75,,,,,,,,,,99.13999939,,,,,,,,,,
Tunisia,TUN,"Literacy rate, adult male (% of males ages 15 and above)",SE.ADT.LITR.MA.ZS,,,,,,,,,,,,,,,,,,,,,,,,,60.40723038,,,,,,,,,,,,,,,,,,,,83.38509369,,,86.05368042,86.37580872,,87.37573242,87.76075745,88.47577667,,86.06011963,,,,,,
Turkey,TUR,"Literacy rate, adult male (% of males ages 15 and above)",SE.ADT.LITR.MA.ZS,,,,,,,,,,,,,,,,77.50393677,,,,,81.44944,,,,,87.61972046,,,,,89.84703064,,,,,,,,,,,,,,95.27349091,96.00061798,95.99562073,96.20185852,,96.37770844,97.29981232,97.93498993,98.26290131,98.40136719,98.49678802,98.57562256,98.77583313,98.81996155,,,
Tuvalu,TUV,"Literacy rate, adult male (% of males ages 15 and above)",SE.ADT.LITR.MA.ZS,,,,,,,,,,,,,,,,,,,,,,,,,,,,,,,,,,,,,,,,,,,,,,,,,,,,,,,,,,,,,
Tanzania,TZA,"Literacy rate, adult male (% of males ages 15 and above)",SE.ADT.LITR.MA.ZS,,,,,,,,,,,,,,,,,,,,,,,,,,,,,71.3657074,,,,,,,,,,,,,,77.50640106,,,,,,,,75.46779633,,83.37769318,,,83.20484924,,,,,
Uganda,UGA,"Literacy rate, adult male (% of males ages 15 and above)",SE.ADT.LITR.MA.ZS,,,,,,,,,,,,,,,,,,,,,,,,,,,,,,,,68.1980896,,,,,,,,,,,78.30402374,,,,81.38858795,,,,82.63139343,,79.12303925,,,,,,82.65601349,,
Ukraine,UKR,"Literacy rate, adult male (% of males ages 15 and above)",SE.ADT.LITR.MA.ZS,,,,,,,,,,,,,,,,,,,,,,,,,,,,,,,,,,,,,,,,,,99.74343109,,,,,,,,,,,99.99394226,,,,,,,,
Upper middle income,UMC,"Literacy rate, adult male (% of males ages 15 and above)",SE.ADT.LITR.MA.ZS,,,,,,,,,,,,,,,,,79.48375702,79.62980652,80.26457977,80.88787842,81.17066956,82.07610321,82.55226898,83.24974823,83.87277222,84.41551971,84.91201019,85.5559082,87.79624176,88.16815948,88.07012939,88.9703598,89.35861206,89.72619629,90.08128357,90.4539566,90.74803162,93.26122284,93.49780273,93.71929169,93.9782486,94.22132874,94.33643341,94.73197937,94.89394379,95.16043091,95.33000946,95.83144379,95.98809814,96.03423309,96.08511353,96.22138214,96.58746338,96.60980225,96.88986206,96.67086029,97.15617371,97.12654114,96.84217834,96.98825836,
Uruguay,URY,"Literacy rate, adult male (% of males ages 15 and above)",SE.ADT.LITR.MA.ZS,,,,,,,,,,,,,,,,93.38825989,,,,,,,,,,94.83361053,,,,,,,,,,,96.24452972,,,,,,,,,,97.44477844,97.42169189,97.83128357,97.97241974,97.61016846,98.02310944,98.10397339,98.06342316,98.02507019,98.1459198,98.24452972,98.23419189,98.37136078,,
United States,USA,"Literacy rate, adult male (% of males ages 15 and above)",SE.ADT.LITR.MA.ZS,,,,,,,,,,,,,,,,,,,,,,,,,,,,,,,,,,,,,,,,,,,,,,,,,,,,,,,,,,,,,
Uzbekistan,UZB,"Literacy rate, adult male (% of males ages 15 and above)",SE.ADT.LITR.MA.ZS,,,,,,,,,,,,,,,,,,,,,,,,,,,,,,,,,,,,,,,,,99.16443634,,,,,,,,,,,,,99.99382782,99.98519135,99.99204254,99.99487305,,99.99997711,,
St. Vincent and the Grenadines,VCT,"Literacy rate, adult male (% of males ages 15 and above)",SE.ADT.LITR.MA.ZS,,,,,,,,,,,95.80000305,,,,,,,,,,,,,,,,,,,,,,,,,,,,,,,,,,,,,,,,,,,,,,,,,,
"Venezuela, RB",VEN,"Literacy rate, adult male (% of males ages 15 and above)",SE.ADT.LITR.MA.ZS,,,,,,,,,,,,,,,,,,,,,,86.48932648,,,,,,,,,90.6725235,,,,,,,,,,,93.25744629,,,,,,95.38172913,,95.67536926,,94.50231934,,,,96.65107727,97.03910828,,,,
British Virgin Islands,VGB,"Literacy rate, adult male (% of males ages 15 and above)",SE.ADT.LITR.MA.ZS,,,,,,,,,,,,,,,,,,,,,,,,,,,,,,,,,,,,,,,,,,,,,,,,,,,,,,,,,,,,,
Virgin Islands (U.S.),VIR,"Literacy rate, adult male (% of males ages 15 and above)",SE.ADT.LITR.MA.ZS,,,,,,,,,,,,,,,,,,,,,,,,,,,,,,,,,,,,,,,,,,,,,,,,,,,,,,,,,,,,,
Vietnam,VNM,"Literacy rate, adult male (% of males ages 15 and above)",SE.ADT.LITR.MA.ZS,,,,,,,,,,,,,,,,,,,,90.38147736,,,,,,,,,,93.00299072,,,,,,,,,,93.91825867,93.93267822,,,,,,,,,95.78533173,,,,,,,,,96.45677948,,
Vanuatu,VUT,"Literacy rate, adult male (% of males ages 15 and above)",SE.ADT.LITR.MA.ZS,,,,,,,,,,,,,,,,,,,,57.33509827,,,,,62.31000137,,,,,,,,,,71.76999664,,,,,,,,,,80.48000336,,,,,,,,,,86.18000031,,,,88.30635071,,
World,WLD,"Literacy rate, adult male (% of males ages 15 and above)",SE.ADT.LITR.MA.ZS,,,,,,,,,,,,,,,,,75.5037384,75.68166351,76.05721283,76.41294098,76.62133789,77.01255798,77.45818329,77.85349274,78.24622345,78.60355377,78.9378891,79.42774963,80.77902222,81.09641266,81.18704987,81.5842514,82.01960754,82.39572906,82.71090698,83.00013733,83.28916931,84.52333832,85.73027802,85.97084045,86.05889893,86.24223328,86.60540009,87.0710907,87.42237091,87.39614868,87.46090698,87.54667664,88.01052094,88.19003296,88.25145721,88.3727417,88.77896881,88.9267807,89.21079254,89.32727051,89.6783371,89.79743958,89.77503204,89.93315125,
Samoa,WSM,"Literacy rate, adult male (% of males ages 15 and above)",SE.ADT.LITR.MA.ZS,,,,,,,,,,,,,,,,,,,,,,,,,,,,,,,,98.41568756,,,,,,,,,,,,,,,,,,,,98.88191986,,,,,,,98.95609283,,
Kosovo,XKX,"Literacy rate, adult male (% of males ages 15 and above)",SE.ADT.LITR.MA.ZS,,,,,,,,,,,,,,,,,,,,,,,,,,,,,,,,,,,,,,,,,,,,,,,,,,,,,,,,,,,,,
"Yemen, Rep.",YEM,"Literacy rate, adult male (% of males ages 15 and above)",SE.ADT.LITR.MA.ZS,,,,,,,,,,,,,,,,,,,,,,,,,,,,,,,,,,,56.72475052,,,,,,,,,,73.16000366,,,,,,,,,,,,,,,,
South Africa,ZAF,"Literacy rate, adult male (% of males ages 15 and above)",SE.ADT.LITR.MA.ZS,,,,,,,,,,,,,,,,,,,,,77.52559662,,,,,,,,,,,,,,,,84.07138062,,,,,,,,,,,90.71759033,,94.12145996,94.14385223,94.24508667,94.96372223,,95.28684998,95.39653015,,87.67774963,,,
Zambia,ZMB,"Literacy rate, adult male (% of males ages 15 and above)",SE.ADT.LITR.MA.ZS,,,,,,,,,,,,,,,,,,,,,,,,,,,,,,,73.037323,,,,,,,,,76.25402069,,,80.91285706,,,,,71.31761932,,,88.68402863,,,,,,,,90.60118103,,
Zimbabwe,ZWE,"Literacy rate, adult male (% of males ages 15 and above)",SE.ADT.LITR.MA.ZS,,,,,,,,,,,,,,,,,,,,,,,84.17462921,,,,,,,,,,88.89337921,,,,,,,,,,,,,,,,,,,87.76480865,,,89.1853714,,,,,,
